檔名,辨識結果,辨識方法,數字位數,是否5位數,錯誤訊息
captcha_0001.jpg,16864,灰階 + 4x 放大,5,是,
captcha_0002.jpg,13536,HSV 分離 + 二值化 + 5x 放大,5,是,
captcha_0003.jpg,,HSV 分離 + 二值化 + 5x 放大,0,否,
captcha_0004.jpg,72007,HSV 分離 + 二值化 + 5x 放大,5,是,
captcha_0005.jpg,31689,HSV 分離 + 二值化 + 5x 放大,5,是,
captcha_0006.jpg,,HSV 分離 + 二值化 + 5x 放大,0,否,
captcha_0007.jpg,,HSV 分離 + 二值化 + 5x 放大,0,否,
captcha_0008.jpg,,HSV 分離 + 二值化 + 5x 放大,0,否,
captcha_0009.jpg,39299,灰階 + 4x 放大,5,是,
captcha_0010.jpg,55783,HSV 分離 + 二值化 + 5x 放大,5,是,
captcha_0011.jpg,37018,HSV 分離 + 二值化 + 5x 放大,5,是,
captcha_0012.jpg,,HSV 分離 + 二值化 + 5x 放大,0,否,
captcha_0013.jpg,,HSV 分離 + 二值化 + 5x 放大,0,否,
captcha_0014.jpg,7663,HSV 分離 + 二值化 + 5x 放大,4,否,
captcha_0015.jpg,87679,灰階 + 4x 放大,5,是,
captcha_0016.jpg,46275,灰階 + 4x 放大,5,是,
captcha_0017.jpg,,HSV 分離 + 二值化 + 5x 放大,0,否,
captcha_0018.jpg,4426,HSV 分離 + 二值化 + 5x 放大,4,否,
captcha_0019.jpg,,HSV 分離 + 二值化 + 5x 放大,0,否,
captcha_0020.jpg,28339,HSV 分離 + 二值化 + 5x 放大,5,是,
captcha_0021.jpg,93762,灰階 + 4x 放大,5,是,
captcha_0022.jpg,63176,灰階 + 4x 放大,5,是,
captcha_0023.jpg,8969,HSV 分離 + 二值化 + 5x 放大,4,否,
captcha_0024.jpg,,HSV 分離 + 二值化 + 5x 放大,0,否,
captcha_0025.jpg,69274,灰階 + 4x 放大,5,是,
captcha_0026.jpg,5832,HSV 分離 + 二值化 + 5x 放大,4,否,
captcha_0027.jpg,20797,HSV 分離 + 二值化 + 5x 放大,5,是,
captcha_0028.jpg,,HSV 分離 + 二值化 + 5x 放大,0,否,
captcha_0029.jpg,499,HSV 分離 + 二值化 + 5x 放大,3,否,
captcha_0030.jpg,,HSV 分離 + 二值化 + 5x 放大,0,否,
captcha_0031.jpg,,HSV 分離 + 二值化 + 5x 放大,0,否,
captcha_0032.jpg,2592,HSV 分離 + 二值化 + 5x 放大,4,否,
captcha_0033.jpg,59536,灰階 + 4x 放大,5,是,
captcha_0034.jpg,2029,HSV 分離 + 二值化 + 5x 放大,4,否,
captcha_0035.jpg,79045,HSV 分離 + 二值化 + 5x 放大,5,是,
captcha_0036.jpg,,HSV 分離 + 二值化 + 5x 放大,0,否,
captcha_0037.jpg,002,HSV 分離 + 二值化 + 5x 放大,3,否,
captcha_0038.jpg,2870,HSV 分離 + 二值化 + 5x 放大,4,否,
captcha_0039.jpg,,HSV 分離 + 二值化 + 5x 放大,0,否,
captcha_0040.jpg,939,HSV 分離 + 二值化 + 5x 放大,3,否,
captcha_0041.jpg,17423,HSV 分離 + 二值化 + 5x 放大,5,是,
captcha_0042.jpg,12056,HSV 分離 + 二值化 + 5x 放大,5,是,
captcha_0043.jpg,,HSV 分離 + 二值化 + 5x 放大,0,否,
captcha_0044.jpg,12753,灰階 + 4x 放大,5,是,
captcha_0045.jpg,1606,HSV 分離 + 二值化 + 5x 放大,4,否,
captcha_0046.jpg,4226,HSV 分離 + 二值化 + 5x 放大,4,否,
captcha_0047.jpg,7,HSV 分離 + 二值化 + 5x 放大,1,否,
captcha_0048.jpg,73445,灰階 + 4x 放大,5,是,
captcha_0049.jpg,,HSV 分離 + 二值化 + 5x 放大,0,否,
captcha_0050.jpg,95185,灰階 + 4x 放大,5,是,
captcha_0051.jpg,33701,灰階 + 4x 放大,5,是,
captcha_0052.jpg,3,HSV 分離 + 二值化 + 5x 放大,1,否,
captcha_0053.jpg,13748,HSV 分離 + 二值化 + 5x 放大,5,是,
captcha_0054.jpg,410,HSV 分離 + 二值化 + 5x 放大,3,否,
captcha_0055.jpg,06640,灰階 + 4x 放大,5,是,
captcha_0056.jpg,,HSV 分離 + 二值化 + 5x 放大,0,否,
captcha_0057.jpg,73533,HSV 分離 + 二值化 + 5x 放大,5,是,
captcha_0058.jpg,3,HSV 分離 + 二值化 + 5x 放大,1,否,
captcha_0059.jpg,384,HSV 分離 + 二值化 + 5x 放大,3,否,
captcha_0060.jpg,14715,HSV 分離 + 二值化 + 5x 放大,5,是,
captcha_0061.jpg,913,HSV 分離 + 二值化 + 5x 放大,3,否,
captcha_0062.jpg,07442,灰階 + 4x 放大,5,是,
captcha_0063.jpg,43243,灰階 + 4x 放大,5,是,
captcha_0064.jpg,8441,HSV 分離 + 二值化 + 5x 放大,4,否,
captcha_0065.jpg,46817,灰階 + 4x 放大,5,是,
captcha_0066.jpg,43244,HSV 分離 + 二值化 + 5x 放大,5,是,
captcha_0067.jpg,1442,HSV 分離 + 二值化 + 5x 放大,4,否,
captcha_0068.jpg,82950,灰階 + 4x 放大,5,是,
captcha_0069.jpg,,HSV 分離 + 二值化 + 5x 放大,0,否,
captcha_0070.jpg,73020,灰階 + 4x 放大,5,是,
captcha_0071.jpg,74372,灰階 + 4x 放大,5,是,
captcha_0072.jpg,1160,HSV 分離 + 二值化 + 5x 放大,4,否,
captcha_0073.jpg,33500,HSV 分離 + 二值化 + 5x 放大,5,是,
captcha_0074.jpg,13903,HSV 分離 + 二值化 + 5x 放大,5,是,
captcha_0075.jpg,,HSV 分離 + 二值化 + 5x 放大,0,否,
captcha_0076.jpg,12432,HSV 分離 + 二值化 + 5x 放大,5,是,
captcha_0077.jpg,,HSV 分離 + 二值化 + 5x 放大,0,否,
captcha_0078.jpg,294,HSV 分離 + 二值化 + 5x 放大,3,否,
captcha_0079.jpg,75637,灰階 + 4x 放大,5,是,
captcha_0080.jpg,,HSV 分離 + 二值化 + 5x 放大,0,否,
captcha_0081.jpg,,HSV 分離 + 二值化 + 5x 放大,0,否,
captcha_0082.jpg,32962,灰階 + 4x 放大,5,是,
captcha_0083.jpg,79975,灰階 + 4x 放大,5,是,
captcha_0084.jpg,,HSV 分離 + 二值化 + 5x 放大,0,否,
captcha_0085.jpg,55234,灰階 + 4x 放大,5,是,
captcha_0086.jpg,20734,HSV 分離 + 二值化 + 5x 放大,5,是,
captcha_0087.jpg,44753,HSV 分離 + 二值化 + 5x 放大,5,是,
captcha_0088.jpg,,HSV 分離 + 二值化 + 5x 放大,0,否,
captcha_0089.jpg,4116239,HSV 分離 + 二值化 + 5x 放大,7,否,
captcha_0090.jpg,56606,HSV 分離 + 二值化 + 5x 放大,5,是,
captcha_0091.jpg,6302,HSV 分離 + 二值化 + 5x 放大,4,否,
captcha_0092.jpg,,HSV 分離 + 二值化 + 5x 放大,0,否,
captcha_0093.jpg,55628,HSV 分離 + 二值化 + 5x 放大,5,是,
captcha_0094.jpg,36558,灰階 + 4x 放大,5,是,
captcha_0095.jpg,90,HSV 分離 + 二值化 + 5x 放大,2,否,
captcha_0096.jpg,0824,HSV 分離 + 二值化 + 5x 放大,4,否,
captcha_0097.jpg,329,HSV 分離 + 二值化 + 5x 放大,3,否,
captcha_0098.jpg,36779,灰階 + 4x 放大,5,是,
captcha_0099.jpg,1251,HSV 分離 + 二值化 + 5x 放大,4,否,
captcha_0100.jpg,43889,灰階 + 4x 放大,5,是,
captcha_0101.jpg,83319,灰階 + 4x 放大,5,是,
captcha_0102.jpg,4344,HSV 分離 + 二值化 + 5x 放大,4,否,
captcha_0103.jpg,9967,HSV 分離 + 二值化 + 5x 放大,4,否,
captcha_0104.jpg,,HSV 分離 + 二值化 + 5x 放大,0,否,
captcha_0105.jpg,8575,HSV 分離 + 二值化 + 5x 放大,4,否,
captcha_0106.jpg,79286,灰階 + 4x 放大,5,是,
captcha_0107.jpg,8079,HSV 分離 + 二值化 + 5x 放大,4,否,
captcha_0108.jpg,95314,灰階 + 4x 放大,5,是,
captcha_0109.jpg,482,HSV 分離 + 二值化 + 5x 放大,3,否,
captcha_0110.jpg,43405,HSV 分離 + 二值化 + 5x 放大,5,是,
captcha_0111.jpg,58027,HSV 分離 + 二值化 + 5x 放大,5,是,
captcha_0112.jpg,,HSV 分離 + 二值化 + 5x 放大,0,否,
captcha_0113.jpg,1030,HSV 分離 + 二值化 + 5x 放大,4,否,
captcha_0114.jpg,,HSV 分離 + 二值化 + 5x 放大,0,否,
captcha_0115.jpg,,HSV 分離 + 二值化 + 5x 放大,0,否,
captcha_0116.jpg,8,HSV 分離 + 二值化 + 5x 放大,1,否,
captcha_0117.jpg,22242,HSV 分離 + 二值化 + 5x 放大,5,是,
captcha_0118.jpg,,HSV 分離 + 二值化 + 5x 放大,0,否,
captcha_0119.jpg,7339,HSV 分離 + 二值化 + 5x 放大,4,否,
captcha_0120.jpg,07030,灰階 + 4x 放大,5,是,
captcha_0121.jpg,273,HSV 分離 + 二值化 + 5x 放大,3,否,
captcha_0122.jpg,,HSV 分離 + 二值化 + 5x 放大,0,否,
captcha_0123.jpg,0023,HSV 分離 + 二值化 + 5x 放大,4,否,
captcha_0124.jpg,2555,HSV 分離 + 二值化 + 5x 放大,4,否,
captcha_0125.jpg,,HSV 分離 + 二值化 + 5x 放大,0,否,
captcha_0126.jpg,,HSV 分離 + 二值化 + 5x 放大,0,否,
captcha_0127.jpg,239087,HSV 分離 + 二值化 + 5x 放大,6,否,
captcha_0128.jpg,18828,HSV 分離 + 二值化 + 5x 放大,5,是,
captcha_0129.jpg,,HSV 分離 + 二值化 + 5x 放大,0,否,
captcha_0130.jpg,,HSV 分離 + 二值化 + 5x 放大,0,否,
captcha_0131.jpg,32982,HSV 分離 + 二值化 + 5x 放大,5,是,
captcha_0132.jpg,26477,HSV 分離 + 二值化 + 5x 放大,5,是,
captcha_0133.jpg,8934,HSV 分離 + 二值化 + 5x 放大,4,否,
captcha_0134.jpg,,HSV 分離 + 二值化 + 5x 放大,0,否,
captcha_0135.jpg,74,HSV 分離 + 二值化 + 5x 放大,2,否,
captcha_0136.jpg,34814,HSV 分離 + 二值化 + 5x 放大,5,是,
captcha_0137.jpg,64503,灰階 + 4x 放大,5,是,
captcha_0138.jpg,,HSV 分離 + 二值化 + 5x 放大,0,否,
captcha_0139.jpg,06373,灰階 + 4x 放大,5,是,
captcha_0140.jpg,,HSV 分離 + 二值化 + 5x 放大,0,否,
captcha_0141.jpg,82,HSV 分離 + 二值化 + 5x 放大,2,否,
captcha_0142.jpg,,HSV 分離 + 二值化 + 5x 放大,0,否,
captcha_0143.jpg,05040,灰階 + 4x 放大,5,是,
captcha_0144.jpg,203,HSV 分離 + 二值化 + 5x 放大,3,否,
captcha_0145.jpg,13051,HSV 分離 + 二值化 + 5x 放大,5,是,
captcha_0146.jpg,17399,HSV 分離 + 二值化 + 5x 放大,5,是,
captcha_0147.jpg,0349,HSV 分離 + 二值化 + 5x 放大,4,否,
captcha_0148.jpg,416,HSV 分離 + 二值化 + 5x 放大,3,否,
captcha_0149.jpg,925,HSV 分離 + 二值化 + 5x 放大,3,否,
captcha_0150.jpg,,HSV 分離 + 二值化 + 5x 放大,0,否,
captcha_0151.jpg,15632,HSV 分離 + 二值化 + 5x 放大,5,是,
captcha_0152.jpg,21251,HSV 分離 + 二值化 + 5x 放大,5,是,
captcha_0153.jpg,8049,HSV 分離 + 二值化 + 5x 放大,4,否,
captcha_0154.jpg,,HSV 分離 + 二值化 + 5x 放大,0,否,
captcha_0155.jpg,,HSV 分離 + 二值化 + 5x 放大,0,否,
captcha_0156.jpg,,HSV 分離 + 二值化 + 5x 放大,0,否,
captcha_0157.jpg,28452,灰階 + 4x 放大,5,是,
captcha_0158.jpg,01493,灰階 + 4x 放大,5,是,
captcha_0159.jpg,575089,HSV 分離 + 二值化 + 5x 放大,6,否,
captcha_0160.jpg,38174,灰階 + 4x 放大,5,是,
captcha_0161.jpg,3337,HSV 分離 + 二值化 + 5x 放大,4,否,
captcha_0162.jpg,,HSV 分離 + 二值化 + 5x 放大,0,否,
captcha_0163.jpg,6608,HSV 分離 + 二值化 + 5x 放大,4,否,
captcha_0164.jpg,,HSV 分離 + 二值化 + 5x 放大,0,否,
captcha_0165.jpg,46274,灰階 + 4x 放大,5,是,
captcha_0166.jpg,,HSV 分離 + 二值化 + 5x 放大,0,否,
captcha_0167.jpg,,HSV 分離 + 二值化 + 5x 放大,0,否,
captcha_0168.jpg,40487,灰階 + 4x 放大,5,是,
captcha_0169.jpg,9151,HSV 分離 + 二值化 + 5x 放大,4,否,
captcha_0170.jpg,70363,HSV 分離 + 二值化 + 5x 放大,5,是,
captcha_0171.jpg,9011,HSV 分離 + 二值化 + 5x 放大,4,否,
captcha_0172.jpg,95505,灰階 + 4x 放大,5,是,
captcha_0173.jpg,,HSV 分離 + 二值化 + 5x 放大,0,否,
captcha_0174.jpg,13459,HSV 分離 + 二值化 + 5x 放大,5,是,
captcha_0175.jpg,22370,HSV 分離 + 二值化 + 5x 放大,5,是,
captcha_0176.jpg,,HSV 分離 + 二值化 + 5x 放大,0,否,
captcha_0177.jpg,30,HSV 分離 + 二值化 + 5x 放大,2,否,
captcha_0178.jpg,,HSV 分離 + 二值化 + 5x 放大,0,否,
captcha_0179.jpg,,HSV 分離 + 二值化 + 5x 放大,0,否,
captcha_0180.jpg,35387,灰階 + 4x 放大,5,是,
captcha_0181.jpg,39798,HSV 分離 + 二值化 + 5x 放大,5,是,
captcha_0182.jpg,,HSV 分離 + 二值化 + 5x 放大,0,否,
captcha_0183.jpg,11286,HSV 分離 + 二值化 + 5x 放大,5,是,
captcha_0184.jpg,22058,灰階 + 4x 放大,5,是,
captcha_0185.jpg,75812,灰階 + 4x 放大,5,是,
captcha_0186.jpg,4454,HSV 分離 + 二值化 + 5x 放大,4,否,
captcha_0187.jpg,71828,灰階 + 4x 放大,5,是,
captcha_0188.jpg,17394,HSV 分離 + 二值化 + 5x 放大,5,是,
captcha_0189.jpg,38149,HSV 分離 + 二值化 + 5x 放大,5,是,
captcha_0190.jpg,,HSV 分離 + 二值化 + 5x 放大,0,否,
captcha_0191.jpg,68,HSV 分離 + 二值化 + 5x 放大,2,否,
captcha_0192.jpg,2440,HSV 分離 + 二值化 + 5x 放大,4,否,
captcha_0193.jpg,12049,HSV 分離 + 二值化 + 5x 放大,5,是,
captcha_0194.jpg,46,HSV 分離 + 二值化 + 5x 放大,2,否,
captcha_0195.jpg,3588,HSV 分離 + 二值化 + 5x 放大,4,否,
captcha_0196.jpg,674,HSV 分離 + 二值化 + 5x 放大,3,否,
captcha_0197.jpg,6,HSV 分離 + 二值化 + 5x 放大,1,否,
captcha_0198.jpg,51941,灰階 + 4x 放大,5,是,
captcha_0199.jpg,52503,灰階 + 4x 放大,5,是,
captcha_0200.jpg,,HSV 分離 + 二值化 + 5x 放大,0,否,
captcha_0201.jpg,24605,HSV 分離 + 二值化 + 5x 放大,5,是,
captcha_0202.jpg,24756,HSV 分離 + 二值化 + 5x 放大,5,是,
captcha_0203.jpg,90140,灰階 + 4x 放大,5,是,
captcha_0204.jpg,,HSV 分離 + 二值化 + 5x 放大,0,否,
captcha_0205.jpg,42892,灰階 + 4x 放大,5,是,
captcha_0206.jpg,54,HSV 分離 + 二值化 + 5x 放大,2,否,
captcha_0207.jpg,26,HSV 分離 + 二值化 + 5x 放大,2,否,
captcha_0208.jpg,497900,HSV 分離 + 二值化 + 5x 放大,6,否,
captcha_0209.jpg,39226,HSV 分離 + 二值化 + 5x 放大,5,是,
captcha_0210.jpg,2287,HSV 分離 + 二值化 + 5x 放大,4,否,
captcha_0211.jpg,52225,HSV 分離 + 二值化 + 5x 放大,5,是,
captcha_0212.jpg,12836,灰階 + 4x 放大,5,是,
captcha_0213.jpg,91100,灰階 + 4x 放大,5,是,
captcha_0214.jpg,,HSV 分離 + 二值化 + 5x 放大,0,否,
captcha_0215.jpg,41489,HSV 分離 + 二值化 + 5x 放大,5,是,
captcha_0216.jpg,8297,HSV 分離 + 二值化 + 5x 放大,4,否,
captcha_0217.jpg,204,HSV 分離 + 二值化 + 5x 放大,3,否,
captcha_0218.jpg,9997,HSV 分離 + 二值化 + 5x 放大,4,否,
captcha_0219.jpg,33181,HSV 分離 + 二值化 + 5x 放大,5,是,
captcha_0220.jpg,91722,灰階 + 4x 放大,5,是,
captcha_0221.jpg,38905,HSV 分離 + 二值化 + 5x 放大,5,是,
captcha_0222.jpg,3986,HSV 分離 + 二值化 + 5x 放大,4,否,
captcha_0223.jpg,,HSV 分離 + 二值化 + 5x 放大,0,否,
captcha_0224.jpg,5947,HSV 分離 + 二值化 + 5x 放大,4,否,
captcha_0225.jpg,31944,灰階 + 4x 放大,5,是,
captcha_0226.jpg,36967,HSV 分離 + 二值化 + 5x 放大,5,是,
captcha_0227.jpg,1,HSV 分離 + 二值化 + 5x 放大,1,否,
captcha_0228.jpg,,HSV 分離 + 二值化 + 5x 放大,0,否,
captcha_0229.jpg,,HSV 分離 + 二值化 + 5x 放大,0,否,
captcha_0230.jpg,1328,HSV 分離 + 二值化 + 5x 放大,4,否,
captcha_0231.jpg,71782,灰階 + 4x 放大,5,是,
captcha_0232.jpg,3434,HSV 分離 + 二值化 + 5x 放大,4,否,
captcha_0233.jpg,7,HSV 分離 + 二值化 + 5x 放大,1,否,
captcha_0234.jpg,57635,灰階 + 4x 放大,5,是,
captcha_0235.jpg,47,HSV 分離 + 二值化 + 5x 放大,2,否,
captcha_0236.jpg,7,HSV 分離 + 二值化 + 5x 放大,1,否,
captcha_0237.jpg,24208,HSV 分離 + 二值化 + 5x 放大,5,是,
captcha_0238.jpg,23429,HSV 分離 + 二值化 + 5x 放大,5,是,
captcha_0239.jpg,17543,灰階 + 4x 放大,5,是,
captcha_0240.jpg,33779,HSV 分離 + 二值化 + 5x 放大,5,是,
captcha_0241.jpg,64350,灰階 + 4x 放大,5,是,
captcha_0242.jpg,95159,灰階 + 4x 放大,5,是,
captcha_0243.jpg,,HSV 分離 + 二值化 + 5x 放大,0,否,
captcha_0244.jpg,,HSV 分離 + 二值化 + 5x 放大,0,否,
captcha_0245.jpg,46020,灰階 + 4x 放大,5,是,
captcha_0246.jpg,44180,HSV 分離 + 二值化 + 5x 放大,5,是,
captcha_0247.jpg,376,HSV 分離 + 二值化 + 5x 放大,3,否,
captcha_0248.jpg,18397,HSV 分離 + 二值化 + 5x 放大,5,是,
captcha_0249.jpg,30947,HSV 分離 + 二值化 + 5x 放大,5,是,
captcha_0250.jpg,785,HSV 分離 + 二值化 + 5x 放大,3,否,
captcha_0251.jpg,93545,HSV 分離 + 二值化 + 5x 放大,5,是,
captcha_0252.jpg,92916,灰階 + 4x 放大,5,是,
captcha_0253.jpg,6178,HSV 分離 + 二值化 + 5x 放大,4,否,
captcha_0254.jpg,5450,HSV 分離 + 二值化 + 5x 放大,4,否,
captcha_0255.jpg,3434,HSV 分離 + 二值化 + 5x 放大,4,否,
captcha_0256.jpg,,HSV 分離 + 二值化 + 5x 放大,0,否,
captcha_0257.jpg,30278,HSV 分離 + 二值化 + 5x 放大,5,是,
captcha_0258.jpg,,HSV 分離 + 二值化 + 5x 放大,0,否,
captcha_0259.jpg,,HSV 分離 + 二值化 + 5x 放大,0,否,
captcha_0260.jpg,4800,HSV 分離 + 二值化 + 5x 放大,4,否,
captcha_0261.jpg,399,HSV 分離 + 二值化 + 5x 放大,3,否,
captcha_0262.jpg,25887,HSV 分離 + 二值化 + 5x 放大,5,是,
captcha_0263.jpg,35874,灰階 + 4x 放大,5,是,
captcha_0264.jpg,96360,HSV 分離 + 二值化 + 5x 放大,5,是,
captcha_0265.jpg,,HSV 分離 + 二值化 + 5x 放大,0,否,
captcha_0266.jpg,8574,HSV 分離 + 二值化 + 5x 放大,4,否,
captcha_0267.jpg,47108,灰階 + 4x 放大,5,是,
captcha_0268.jpg,,HSV 分離 + 二值化 + 5x 放大,0,否,
captcha_0269.jpg,,HSV 分離 + 二值化 + 5x 放大,0,否,
captcha_0270.jpg,91758,灰階 + 4x 放大,5,是,
captcha_0271.jpg,,HSV 分離 + 二值化 + 5x 放大,0,否,
captcha_0272.jpg,35379,HSV 分離 + 二值化 + 5x 放大,5,是,
captcha_0273.jpg,,HSV 分離 + 二值化 + 5x 放大,0,否,
captcha_0274.jpg,846,HSV 分離 + 二值化 + 5x 放大,3,否,
captcha_0275.jpg,80674,灰階 + 4x 放大,5,是,
captcha_0276.jpg,,HSV 分離 + 二值化 + 5x 放大,0,否,
captcha_0277.jpg,51123,灰階 + 4x 放大,5,是,
captcha_0278.jpg,15554,HSV 分離 + 二值化 + 5x 放大,5,是,
captcha_0279.jpg,70086,HSV 分離 + 二值化 + 5x 放大,5,是,
captcha_0280.jpg,86594,灰階 + 4x 放大,5,是,
captcha_0281.jpg,69133,灰階 + 4x 放大,5,是,
captcha_0282.jpg,24929,灰階 + 4x 放大,5,是,
captcha_0283.jpg,38549,HSV 分離 + 二值化 + 5x 放大,5,是,
captcha_0284.jpg,85923,灰階 + 4x 放大,5,是,
captcha_0285.jpg,41996,灰階 + 4x 放大,5,是,
captcha_0286.jpg,61649,灰階 + 4x 放大,5,是,
captcha_0287.jpg,,HSV 分離 + 二值化 + 5x 放大,0,否,
captcha_0288.jpg,2300,HSV 分離 + 二值化 + 5x 放大,4,否,
captcha_0289.jpg,1245,HSV 分離 + 二值化 + 5x 放大,4,否,
captcha_0290.jpg,4282,HSV 分離 + 二值化 + 5x 放大,4,否,
captcha_0291.jpg,,HSV 分離 + 二值化 + 5x 放大,0,否,
captcha_0292.jpg,,HSV 分離 + 二值化 + 5x 放大,0,否,
captcha_0293.jpg,76781,HSV 分離 + 二值化 + 5x 放大,5,是,
captcha_0294.jpg,58,HSV 分離 + 二值化 + 5x 放大,2,否,
captcha_0295.jpg,62231,HSV 分離 + 二值化 + 5x 放大,5,是,
captcha_0296.jpg,,HSV 分離 + 二值化 + 5x 放大,0,否,
captcha_0297.jpg,20,HSV 分離 + 二值化 + 5x 放大,2,否,
captcha_0298.jpg,1672,HSV 分離 + 二值化 + 5x 放大,4,否,
captcha_0299.jpg,67587,灰階 + 4x 放大,5,是,
captcha_0300.jpg,28335,HSV 分離 + 二值化 + 5x 放大,5,是,
captcha_0301.jpg,9465,HSV 分離 + 二值化 + 5x 放大,4,否,
captcha_0302.jpg,1322,HSV 分離 + 二值化 + 5x 放大,4,否,
captcha_0303.jpg,38871,HSV 分離 + 二值化 + 5x 放大,5,是,
captcha_0304.jpg,362,HSV 分離 + 二值化 + 5x 放大,3,否,
captcha_0305.jpg,73625,灰階 + 4x 放大,5,是,
captcha_0306.jpg,33478,HSV 分離 + 二值化 + 5x 放大,5,是,
captcha_0307.jpg,33215,HSV 分離 + 二值化 + 5x 放大,5,是,
captcha_0308.jpg,,HSV 分離 + 二值化 + 5x 放大,0,否,
captcha_0309.jpg,3965,HSV 分離 + 二值化 + 5x 放大,4,否,
captcha_0310.jpg,,HSV 分離 + 二值化 + 5x 放大,0,否,
captcha_0311.jpg,95818,灰階 + 4x 放大,5,是,
captcha_0312.jpg,,HSV 分離 + 二值化 + 5x 放大,0,否,
captcha_0313.jpg,28017,HSV 分離 + 二值化 + 5x 放大,5,是,
captcha_0314.jpg,50556,灰階 + 4x 放大,5,是,
captcha_0315.jpg,3695,HSV 分離 + 二值化 + 5x 放大,4,否,
captcha_0316.jpg,4237,HSV 分離 + 二值化 + 5x 放大,4,否,
captcha_0317.jpg,3,HSV 分離 + 二值化 + 5x 放大,1,否,
captcha_0318.jpg,,HSV 分離 + 二值化 + 5x 放大,0,否,
captcha_0319.jpg,2189,HSV 分離 + 二值化 + 5x 放大,4,否,
captcha_0320.jpg,22941,灰階 + 4x 放大,5,是,
captcha_0321.jpg,35507,HSV 分離 + 二值化 + 5x 放大,5,是,
captcha_0322.jpg,1587,HSV 分離 + 二值化 + 5x 放大,4,否,
captcha_0323.jpg,48390,HSV 分離 + 二值化 + 5x 放大,5,是,
captcha_0324.jpg,,HSV 分離 + 二值化 + 5x 放大,0,否,
captcha_0325.jpg,13599,灰階 + 4x 放大,5,是,
captcha_0326.jpg,6867,HSV 分離 + 二值化 + 5x 放大,4,否,
captcha_0327.jpg,3798,HSV 分離 + 二值化 + 5x 放大,4,否,
captcha_0328.jpg,37088,灰階 + 4x 放大,5,是,
captcha_0329.jpg,4967,HSV 分離 + 二值化 + 5x 放大,4,否,
captcha_0330.jpg,48842,HSV 分離 + 二值化 + 5x 放大,5,是,
captcha_0331.jpg,335609,HSV 分離 + 二值化 + 5x 放大,6,否,
captcha_0332.jpg,,HSV 分離 + 二值化 + 5x 放大,0,否,
captcha_0333.jpg,,HSV 分離 + 二值化 + 5x 放大,0,否,
captcha_0334.jpg,,HSV 分離 + 二值化 + 5x 放大,0,否,
captcha_0335.jpg,23914,HSV 分離 + 二值化 + 5x 放大,5,是,
captcha_0336.jpg,,HSV 分離 + 二值化 + 5x 放大,0,否,
captcha_0337.jpg,,HSV 分離 + 二值化 + 5x 放大,0,否,
captcha_0338.jpg,15228,HSV 分離 + 二值化 + 5x 放大,5,是,
captcha_0339.jpg,45042,HSV 分離 + 二值化 + 5x 放大,5,是,
captcha_0340.jpg,292,HSV 分離 + 二值化 + 5x 放大,3,否,
captcha_0341.jpg,,HSV 分離 + 二值化 + 5x 放大,0,否,
captcha_0342.jpg,,HSV 分離 + 二值化 + 5x 放大,0,否,
captcha_0343.jpg,15244,灰階 + 4x 放大,5,是,
captcha_0344.jpg,9685,HSV 分離 + 二值化 + 5x 放大,4,否,
captcha_0345.jpg,07,HSV 分離 + 二值化 + 5x 放大,2,否,
captcha_0346.jpg,,HSV 分離 + 二值化 + 5x 放大,0,否,
captcha_0347.jpg,,HSV 分離 + 二值化 + 5x 放大,0,否,
captcha_0348.jpg,,HSV 分離 + 二值化 + 5x 放大,0,否,
captcha_0349.jpg,40609,灰階 + 4x 放大,5,是,
captcha_0350.jpg,48422,HSV 分離 + 二值化 + 5x 放大,5,是,
captcha_0351.jpg,27982,HSV 分離 + 二值化 + 5x 放大,5,是,
captcha_0352.jpg,,HSV 分離 + 二值化 + 5x 放大,0,否,
captcha_0353.jpg,4,HSV 分離 + 二值化 + 5x 放大,1,否,
captcha_0354.jpg,,HSV 分離 + 二值化 + 5x 放大,0,否,
captcha_0355.jpg,30240,HSV 分離 + 二值化 + 5x 放大,5,是,
captcha_0356.jpg,,HSV 分離 + 二值化 + 5x 放大,0,否,
captcha_0357.jpg,4214,HSV 分離 + 二值化 + 5x 放大,4,否,
captcha_0358.jpg,3984,HSV 分離 + 二值化 + 5x 放大,4,否,
captcha_0359.jpg,42953,HSV 分離 + 二值化 + 5x 放大,5,是,
captcha_0360.jpg,24128,灰階 + 4x 放大,5,是,
captcha_0361.jpg,39985,灰階 + 4x 放大,5,是,
captcha_0362.jpg,34268,灰階 + 4x 放大,5,是,
captcha_0363.jpg,,HSV 分離 + 二值化 + 5x 放大,0,否,
captcha_0364.jpg,92663,灰階 + 4x 放大,5,是,
captcha_0365.jpg,46300,HSV 分離 + 二值化 + 5x 放大,5,是,
captcha_0366.jpg,80679,灰階 + 4x 放大,5,是,
captcha_0367.jpg,1857,HSV 分離 + 二值化 + 5x 放大,4,否,
captcha_0368.jpg,25,HSV 分離 + 二值化 + 5x 放大,2,否,
captcha_0369.jpg,8250,HSV 分離 + 二值化 + 5x 放大,4,否,
captcha_0370.jpg,58931,灰階 + 4x 放大,5,是,
captcha_0371.jpg,,HSV 分離 + 二值化 + 5x 放大,0,否,
captcha_0372.jpg,3057,HSV 分離 + 二值化 + 5x 放大,4,否,
captcha_0373.jpg,,HSV 分離 + 二值化 + 5x 放大,0,否,
captcha_0374.jpg,67286,灰階 + 4x 放大,5,是,
captcha_0375.jpg,34977,HSV 分離 + 二值化 + 5x 放大,5,是,
captcha_0376.jpg,,HSV 分離 + 二值化 + 5x 放大,0,否,
captcha_0377.jpg,,HSV 分離 + 二值化 + 5x 放大,0,否,
captcha_0378.jpg,25298,HSV 分離 + 二值化 + 5x 放大,5,是,
captcha_0379.jpg,14830,HSV 分離 + 二值化 + 5x 放大,5,是,
captcha_0380.jpg,3262,HSV 分離 + 二值化 + 5x 放大,4,否,
captcha_0381.jpg,04,HSV 分離 + 二值化 + 5x 放大,2,否,
captcha_0382.jpg,02838,灰階 + 4x 放大,5,是,
captcha_0383.jpg,7830,HSV 分離 + 二值化 + 5x 放大,4,否,
captcha_0384.jpg,83067,灰階 + 4x 放大,5,是,
captcha_0385.jpg,30996,HSV 分離 + 二值化 + 5x 放大,5,是,
captcha_0386.jpg,5923,HSV 分離 + 二值化 + 5x 放大,4,否,
captcha_0387.jpg,39889,HSV 分離 + 二值化 + 5x 放大,5,是,
captcha_0388.jpg,,HSV 分離 + 二值化 + 5x 放大,0,否,
captcha_0389.jpg,,HSV 分離 + 二值化 + 5x 放大,0,否,
captcha_0390.jpg,,HSV 分離 + 二值化 + 5x 放大,0,否,
captcha_0391.jpg,4,HSV 分離 + 二值化 + 5x 放大,1,否,
captcha_0392.jpg,08425,灰階 + 4x 放大,5,是,
captcha_0393.jpg,5746,HSV 分離 + 二值化 + 5x 放大,4,否,
captcha_0394.jpg,22181,HSV 分離 + 二值化 + 5x 放大,5,是,
captcha_0395.jpg,,HSV 分離 + 二值化 + 5x 放大,0,否,
captcha_0396.jpg,3351,HSV 分離 + 二值化 + 5x 放大,4,否,
captcha_0397.jpg,,HSV 分離 + 二值化 + 5x 放大,0,否,
captcha_0398.jpg,3005,HSV 分離 + 二值化 + 5x 放大,4,否,
captcha_0399.jpg,,HSV 分離 + 二值化 + 5x 放大,0,否,
captcha_0400.jpg,,HSV 分離 + 二值化 + 5x 放大,0,否,
captcha_0401.jpg,78498,灰階 + 4x 放大,5,是,
captcha_0402.jpg,74,HSV 分離 + 二值化 + 5x 放大,2,否,
captcha_0403.jpg,39474,HSV 分離 + 二值化 + 5x 放大,5,是,
captcha_0404.jpg,,HSV 分離 + 二值化 + 5x 放大,0,否,
captcha_0405.jpg,,HSV 分離 + 二值化 + 5x 放大,0,否,
captcha_0406.jpg,,HSV 分離 + 二值化 + 5x 放大,0,否,
captcha_0407.jpg,71233,灰階 + 4x 放大,5,是,
captcha_0408.jpg,17542,灰階 + 4x 放大,5,是,
captcha_0409.jpg,999,HSV 分離 + 二值化 + 5x 放大,3,否,
captcha_0410.jpg,25283,HSV 分離 + 二值化 + 5x 放大,5,是,
captcha_0411.jpg,44070,HSV 分離 + 二值化 + 5x 放大,5,是,
captcha_0412.jpg,9967,HSV 分離 + 二值化 + 5x 放大,4,否,
captcha_0413.jpg,84702,灰階 + 4x 放大,5,是,
captcha_0414.jpg,25204,HSV 分離 + 二值化 + 5x 放大,5,是,
captcha_0415.jpg,68498,灰階 + 4x 放大,5,是,
captcha_0416.jpg,13072,灰階 + 4x 放大,5,是,
captcha_0417.jpg,17422,灰階 + 4x 放大,5,是,
captcha_0418.jpg,,HSV 分離 + 二值化 + 5x 放大,0,否,
captcha_0419.jpg,24901,HSV 分離 + 二值化 + 5x 放大,5,是,
captcha_0420.jpg,22966,HSV 分離 + 二值化 + 5x 放大,5,是,
captcha_0421.jpg,517,HSV 分離 + 二值化 + 5x 放大,3,否,
captcha_0422.jpg,,HSV 分離 + 二值化 + 5x 放大,0,否,
captcha_0423.jpg,2687,HSV 分離 + 二值化 + 5x 放大,4,否,
captcha_0424.jpg,5624,HSV 分離 + 二值化 + 5x 放大,4,否,
captcha_0425.jpg,26836,HSV 分離 + 二值化 + 5x 放大,5,是,
captcha_0426.jpg,94960,灰階 + 4x 放大,5,是,
captcha_0427.jpg,29288,HSV 分離 + 二值化 + 5x 放大,5,是,
captcha_0428.jpg,,HSV 分離 + 二值化 + 5x 放大,0,否,
captcha_0429.jpg,,HSV 分離 + 二值化 + 5x 放大,0,否,
captcha_0430.jpg,2262,HSV 分離 + 二值化 + 5x 放大,4,否,
captcha_0431.jpg,1659,HSV 分離 + 二值化 + 5x 放大,4,否,
captcha_0432.jpg,37037,HSV 分離 + 二值化 + 5x 放大,5,是,
captcha_0433.jpg,3518,HSV 分離 + 二值化 + 5x 放大,4,否,
captcha_0434.jpg,8709,HSV 分離 + 二值化 + 5x 放大,4,否,
captcha_0435.jpg,39053,HSV 分離 + 二值化 + 5x 放大,5,是,
captcha_0436.jpg,393,HSV 分離 + 二值化 + 5x 放大,3,否,
captcha_0437.jpg,13978,HSV 分離 + 二值化 + 5x 放大,5,是,
captcha_0438.jpg,52383,HSV 分離 + 二值化 + 5x 放大,5,是,
captcha_0439.jpg,14940,灰階 + 4x 放大,5,是,
captcha_0440.jpg,,HSV 分離 + 二值化 + 5x 放大,0,否,
captcha_0441.jpg,13274,HSV 分離 + 二值化 + 5x 放大,5,是,
captcha_0442.jpg,,HSV 分離 + 二值化 + 5x 放大,0,否,
captcha_0443.jpg,95824,灰階 + 4x 放大,5,是,
captcha_0444.jpg,17624,HSV 分離 + 二值化 + 5x 放大,5,是,
captcha_0445.jpg,92577,灰階 + 4x 放大,5,是,
captcha_0446.jpg,,HSV 分離 + 二值化 + 5x 放大,0,否,
captcha_0447.jpg,8955,HSV 分離 + 二值化 + 5x 放大,4,否,
captcha_0448.jpg,1039,HSV 分離 + 二值化 + 5x 放大,4,否,
captcha_0449.jpg,50266,灰階 + 4x 放大,5,是,
captcha_0450.jpg,,HSV 分離 + 二值化 + 5x 放大,0,否,
captcha_0451.jpg,4914,HSV 分離 + 二值化 + 5x 放大,4,否,
captcha_0452.jpg,73400,HSV 分離 + 二值化 + 5x 放大,5,是,
captcha_0453.jpg,,HSV 分離 + 二值化 + 5x 放大,0,否,
captcha_0454.jpg,23463,HSV 分離 + 二值化 + 5x 放大,5,是,
captcha_0455.jpg,62644,灰階 + 4x 放大,5,是,
captcha_0456.jpg,33743,HSV 分離 + 二值化 + 5x 放大,5,是,
captcha_0457.jpg,2338,HSV 分離 + 二值化 + 5x 放大,4,否,
captcha_0458.jpg,29210,HSV 分離 + 二值化 + 5x 放大,5,是,
captcha_0459.jpg,,HSV 分離 + 二值化 + 5x 放大,0,否,
captcha_0460.jpg,37324,HSV 分離 + 二值化 + 5x 放大,5,是,
captcha_0461.jpg,,HSV 分離 + 二值化 + 5x 放大,0,否,
captcha_0462.jpg,20318,HSV 分離 + 二值化 + 5x 放大,5,是,
captcha_0463.jpg,77958,灰階 + 4x 放大,5,是,
captcha_0464.jpg,,HSV 分離 + 二值化 + 5x 放大,0,否,
captcha_0465.jpg,62905,HSV 分離 + 二值化 + 5x 放大,5,是,
captcha_0466.jpg,55692,HSV 分離 + 二值化 + 5x 放大,5,是,
captcha_0467.jpg,20688,HSV 分離 + 二值化 + 5x 放大,5,是,
captcha_0468.jpg,829,HSV 分離 + 二值化 + 5x 放大,3,否,
captcha_0469.jpg,4354,HSV 分離 + 二值化 + 5x 放大,4,否,
captcha_0470.jpg,44452,HSV 分離 + 二值化 + 5x 放大,5,是,
captcha_0471.jpg,23471,HSV 分離 + 二值化 + 5x 放大,5,是,
captcha_0472.jpg,3856,HSV 分離 + 二值化 + 5x 放大,4,否,
captcha_0473.jpg,18104,HSV 分離 + 二值化 + 5x 放大,5,是,
captcha_0474.jpg,12482,灰階 + 4x 放大,5,是,
captcha_0475.jpg,344330,HSV 分離 + 二值化 + 5x 放大,6,否,
captcha_0476.jpg,21500,HSV 分離 + 二值化 + 5x 放大,5,是,
captcha_0477.jpg,22903,HSV 分離 + 二值化 + 5x 放大,5,是,
captcha_0478.jpg,5365,HSV 分離 + 二值化 + 5x 放大,4,否,
captcha_0479.jpg,724,HSV 分離 + 二值化 + 5x 放大,3,否,
captcha_0480.jpg,168,HSV 分離 + 二值化 + 5x 放大,3,否,
captcha_0481.jpg,37954,HSV 分離 + 二值化 + 5x 放大,5,是,
captcha_0482.jpg,88273,HSV 分離 + 二值化 + 5x 放大,5,是,
captcha_0483.jpg,38039,灰階 + 4x 放大,5,是,
captcha_0484.jpg,38070,HSV 分離 + 二值化 + 5x 放大,5,是,
captcha_0485.jpg,60630,灰階 + 4x 放大,5,是,
captcha_0486.jpg,3434,HSV 分離 + 二值化 + 5x 放大,4,否,
captcha_0487.jpg,,HSV 分離 + 二值化 + 5x 放大,0,否,
captcha_0488.jpg,,HSV 分離 + 二值化 + 5x 放大,0,否,
captcha_0489.jpg,9882,HSV 分離 + 二值化 + 5x 放大,4,否,
captcha_0490.jpg,8392,HSV 分離 + 二值化 + 5x 放大,4,否,
captcha_0491.jpg,,HSV 分離 + 二值化 + 5x 放大,0,否,
captcha_0492.jpg,2733,HSV 分離 + 二值化 + 5x 放大,4,否,
captcha_0493.jpg,35839,灰階 + 4x 放大,5,是,
captcha_0494.jpg,30924,HSV 分離 + 二值化 + 5x 放大,5,是,
captcha_0495.jpg,10853,灰階 + 4x 放大,5,是,
captcha_0496.jpg,,HSV 分離 + 二值化 + 5x 放大,0,否,
captcha_0497.jpg,278,HSV 分離 + 二值化 + 5x 放大,3,否,
captcha_0498.jpg,17938,HSV 分離 + 二值化 + 5x 放大,5,是,
captcha_0499.jpg,,HSV 分離 + 二值化 + 5x 放大,0,否,
captcha_0500.jpg,,HSV 分離 + 二值化 + 5x 放大,0,否,
captcha_0501.jpg,936,HSV 分離 + 二值化 + 5x 放大,3,否,
captcha_0502.jpg,723151,HSV 分離 + 二值化 + 5x 放大,6,否,
captcha_0503.jpg,6544,HSV 分離 + 二值化 + 5x 放大,4,否,
captcha_0504.jpg,23855,HSV 分離 + 二值化 + 5x 放大,5,是,
captcha_0505.jpg,20788,HSV 分離 + 二值化 + 5x 放大,5,是,
captcha_0506.jpg,31706,HSV 分離 + 二值化 + 5x 放大,5,是,
captcha_0507.jpg,5445,HSV 分離 + 二值化 + 5x 放大,4,否,
captcha_0508.jpg,,HSV 分離 + 二值化 + 5x 放大,0,否,
captcha_0509.jpg,46735,灰階 + 4x 放大,5,是,
captcha_0510.jpg,3978,HSV 分離 + 二值化 + 5x 放大,4,否,
captcha_0511.jpg,21039,HSV 分離 + 二值化 + 5x 放大,5,是,
captcha_0512.jpg,07952,灰階 + 4x 放大,5,是,
captcha_0513.jpg,4480,HSV 分離 + 二值化 + 5x 放大,4,否,
captcha_0514.jpg,55514,灰階 + 4x 放大,5,是,
captcha_0515.jpg,2,HSV 分離 + 二值化 + 5x 放大,1,否,
captcha_0516.jpg,66475,灰階 + 4x 放大,5,是,
captcha_0517.jpg,13222,HSV 分離 + 二值化 + 5x 放大,5,是,
captcha_0518.jpg,,HSV 分離 + 二值化 + 5x 放大,0,否,
captcha_0519.jpg,16,HSV 分離 + 二值化 + 5x 放大,2,否,
captcha_0520.jpg,20092,灰階 + 4x 放大,5,是,
captcha_0521.jpg,200,HSV 分離 + 二值化 + 5x 放大,3,否,
captcha_0522.jpg,99756,灰階 + 4x 放大,5,是,
captcha_0523.jpg,59058,灰階 + 4x 放大,5,是,
captcha_0524.jpg,,HSV 分離 + 二值化 + 5x 放大,0,否,
captcha_0525.jpg,74919,HSV 分離 + 二值化 + 5x 放大,5,是,
captcha_0526.jpg,1074,HSV 分離 + 二值化 + 5x 放大,4,否,
captcha_0527.jpg,5204,HSV 分離 + 二值化 + 5x 放大,4,否,
captcha_0528.jpg,,HSV 分離 + 二值化 + 5x 放大,0,否,
captcha_0529.jpg,976,HSV 分離 + 二值化 + 5x 放大,3,否,
captcha_0530.jpg,8836,HSV 分離 + 二值化 + 5x 放大,4,否,
captcha_0531.jpg,41364,灰階 + 4x 放大,5,是,
captcha_0532.jpg,429170,HSV 分離 + 二值化 + 5x 放大,6,否,
captcha_0533.jpg,930,HSV 分離 + 二值化 + 5x 放大,3,否,
captcha_0534.jpg,5,HSV 分離 + 二值化 + 5x 放大,1,否,
captcha_0535.jpg,,HSV 分離 + 二值化 + 5x 放大,0,否,
captcha_0536.jpg,97,HSV 分離 + 二值化 + 5x 放大,2,否,
captcha_0537.jpg,12084,HSV 分離 + 二值化 + 5x 放大,5,是,
captcha_0538.jpg,10555,HSV 分離 + 二值化 + 5x 放大,5,是,
captcha_0539.jpg,8514,HSV 分離 + 二值化 + 5x 放大,4,否,
captcha_0540.jpg,,HSV 分離 + 二值化 + 5x 放大,0,否,
captcha_0541.jpg,54797,灰階 + 4x 放大,5,是,
captcha_0542.jpg,53887,灰階 + 4x 放大,5,是,
captcha_0543.jpg,,HSV 分離 + 二值化 + 5x 放大,0,否,
captcha_0544.jpg,,HSV 分離 + 二值化 + 5x 放大,0,否,
captcha_0545.jpg,30612,灰階 + 4x 放大,5,是,
captcha_0546.jpg,66856,灰階 + 4x 放大,5,是,
captcha_0547.jpg,10448,灰階 + 4x 放大,5,是,
captcha_0548.jpg,21098,灰階 + 4x 放大,5,是,
captcha_0549.jpg,,HSV 分離 + 二值化 + 5x 放大,0,否,
captcha_0550.jpg,03182,灰階 + 4x 放大,5,是,
captcha_0551.jpg,24765,灰階 + 4x 放大,5,是,
captcha_0552.jpg,,HSV 分離 + 二值化 + 5x 放大,0,否,
captcha_0553.jpg,,HSV 分離 + 二值化 + 5x 放大,0,否,
captcha_0554.jpg,9,HSV 分離 + 二值化 + 5x 放大,1,否,
captcha_0555.jpg,23271,HSV 分離 + 二值化 + 5x 放大,5,是,
captcha_0556.jpg,,HSV 分離 + 二值化 + 5x 放大,0,否,
captcha_0557.jpg,7690,HSV 分離 + 二值化 + 5x 放大,4,否,
captcha_0558.jpg,99037,HSV 分離 + 二值化 + 5x 放大,5,是,
captcha_0559.jpg,09959,灰階 + 4x 放大,5,是,
captcha_0560.jpg,933458,HSV 分離 + 二值化 + 5x 放大,6,否,
captcha_0561.jpg,,HSV 分離 + 二值化 + 5x 放大,0,否,
captcha_0562.jpg,664,HSV 分離 + 二值化 + 5x 放大,3,否,
captcha_0563.jpg,,HSV 分離 + 二值化 + 5x 放大,0,否,
captcha_0564.jpg,54596,HSV 分離 + 二值化 + 5x 放大,5,是,
captcha_0565.jpg,7830,HSV 分離 + 二值化 + 5x 放大,4,否,
captcha_0566.jpg,,HSV 分離 + 二值化 + 5x 放大,0,否,
captcha_0567.jpg,43832,HSV 分離 + 二值化 + 5x 放大,5,是,
captcha_0568.jpg,,HSV 分離 + 二值化 + 5x 放大,0,否,
captcha_0569.jpg,16,HSV 分離 + 二值化 + 5x 放大,2,否,
captcha_0570.jpg,,HSV 分離 + 二值化 + 5x 放大,0,否,
captcha_0571.jpg,,HSV 分離 + 二值化 + 5x 放大,0,否,
captcha_0572.jpg,5665,HSV 分離 + 二值化 + 5x 放大,4,否,
captcha_0573.jpg,99341,灰階 + 4x 放大,5,是,
captcha_0574.jpg,4658,HSV 分離 + 二值化 + 5x 放大,4,否,
captcha_0575.jpg,4,HSV 分離 + 二值化 + 5x 放大,1,否,
captcha_0576.jpg,,HSV 分離 + 二值化 + 5x 放大,0,否,
captcha_0577.jpg,83851,灰階 + 4x 放大,5,是,
captcha_0578.jpg,28526,HSV 分離 + 二值化 + 5x 放大,5,是,
captcha_0579.jpg,4868,HSV 分離 + 二值化 + 5x 放大,4,否,
captcha_0580.jpg,44611,灰階 + 4x 放大,5,是,
captcha_0581.jpg,,HSV 分離 + 二值化 + 5x 放大,0,否,
captcha_0582.jpg,322,HSV 分離 + 二值化 + 5x 放大,3,否,
captcha_0583.jpg,76535,灰階 + 4x 放大,5,是,
captcha_0584.jpg,03693,灰階 + 4x 放大,5,是,
captcha_0585.jpg,,HSV 分離 + 二值化 + 5x 放大,0,否,
captcha_0586.jpg,2584,HSV 分離 + 二值化 + 5x 放大,4,否,
captcha_0587.jpg,18923,HSV 分離 + 二值化 + 5x 放大,5,是,
captcha_0588.jpg,23958,灰階 + 4x 放大,5,是,
captcha_0589.jpg,,HSV 分離 + 二值化 + 5x 放大,0,否,
captcha_0590.jpg,2480,HSV 分離 + 二值化 + 5x 放大,4,否,
captcha_0591.jpg,95498,HSV 分離 + 二值化 + 5x 放大,5,是,
captcha_0592.jpg,,HSV 分離 + 二值化 + 5x 放大,0,否,
captcha_0593.jpg,2243,HSV 分離 + 二值化 + 5x 放大,4,否,
captcha_0594.jpg,97446,灰階 + 4x 放大,5,是,
captcha_0595.jpg,62,HSV 分離 + 二值化 + 5x 放大,2,否,
captcha_0596.jpg,50241,HSV 分離 + 二值化 + 5x 放大,5,是,
captcha_0597.jpg,6,HSV 分離 + 二值化 + 5x 放大,1,否,
captcha_0598.jpg,,HSV 分離 + 二值化 + 5x 放大,0,否,
captcha_0599.jpg,459,HSV 分離 + 二值化 + 5x 放大,3,否,
captcha_0600.jpg,18280,灰階 + 4x 放大,5,是,
captcha_0601.jpg,8,HSV 分離 + 二值化 + 5x 放大,1,否,
captcha_0602.jpg,37139,灰階 + 4x 放大,5,是,
captcha_0603.jpg,20851,灰階 + 4x 放大,5,是,
captcha_0604.jpg,38243,HSV 分離 + 二值化 + 5x 放大,5,是,
captcha_0605.jpg,,HSV 分離 + 二值化 + 5x 放大,0,否,
captcha_0606.jpg,,HSV 分離 + 二值化 + 5x 放大,0,否,
captcha_0607.jpg,,HSV 分離 + 二值化 + 5x 放大,0,否,
captcha_0608.jpg,38056,灰階 + 4x 放大,5,是,
captcha_0609.jpg,4350,HSV 分離 + 二值化 + 5x 放大,4,否,
captcha_0610.jpg,2318,HSV 分離 + 二值化 + 5x 放大,4,否,
captcha_0611.jpg,,HSV 分離 + 二值化 + 5x 放大,0,否,
captcha_0612.jpg,23,HSV 分離 + 二值化 + 5x 放大,2,否,
captcha_0613.jpg,9342,HSV 分離 + 二值化 + 5x 放大,4,否,
captcha_0614.jpg,2443,HSV 分離 + 二值化 + 5x 放大,4,否,
captcha_0615.jpg,01515,灰階 + 4x 放大,5,是,
captcha_0616.jpg,19696,HSV 分離 + 二值化 + 5x 放大,5,是,
captcha_0617.jpg,21486,HSV 分離 + 二值化 + 5x 放大,5,是,
captcha_0618.jpg,,HSV 分離 + 二值化 + 5x 放大,0,否,
captcha_0619.jpg,,HSV 分離 + 二值化 + 5x 放大,0,否,
captcha_0620.jpg,25532,灰階 + 4x 放大,5,是,
captcha_0621.jpg,86575,灰階 + 4x 放大,5,是,
captcha_0622.jpg,33496,灰階 + 4x 放大,5,是,
captcha_0623.jpg,49873,灰階 + 4x 放大,5,是,
captcha_0624.jpg,4432,HSV 分離 + 二值化 + 5x 放大,4,否,
captcha_0625.jpg,,HSV 分離 + 二值化 + 5x 放大,0,否,
captcha_0626.jpg,,HSV 分離 + 二值化 + 5x 放大,0,否,
captcha_0627.jpg,5273,HSV 分離 + 二值化 + 5x 放大,4,否,
captcha_0628.jpg,0174,HSV 分離 + 二值化 + 5x 放大,4,否,
captcha_0629.jpg,896,HSV 分離 + 二值化 + 5x 放大,3,否,
captcha_0630.jpg,7002,HSV 分離 + 二值化 + 5x 放大,4,否,
captcha_0631.jpg,12057,HSV 分離 + 二值化 + 5x 放大,5,是,
captcha_0632.jpg,34948,HSV 分離 + 二值化 + 5x 放大,5,是,
captcha_0633.jpg,23228,HSV 分離 + 二值化 + 5x 放大,5,是,
captcha_0634.jpg,,HSV 分離 + 二值化 + 5x 放大,0,否,
captcha_0635.jpg,50860,HSV 分離 + 二值化 + 5x 放大,5,是,
captcha_0636.jpg,08095,灰階 + 4x 放大,5,是,
captcha_0637.jpg,741489,HSV 分離 + 二值化 + 5x 放大,6,否,
captcha_0638.jpg,5623,HSV 分離 + 二值化 + 5x 放大,4,否,
captcha_0639.jpg,4,HSV 分離 + 二值化 + 5x 放大,1,否,
captcha_0640.jpg,3045,HSV 分離 + 二值化 + 5x 放大,4,否,
captcha_0641.jpg,4444,HSV 分離 + 二值化 + 5x 放大,4,否,
captcha_0642.jpg,51368,灰階 + 4x 放大,5,是,
captcha_0643.jpg,41324,灰階 + 4x 放大,5,是,
captcha_0644.jpg,4,HSV 分離 + 二值化 + 5x 放大,1,否,
captcha_0645.jpg,01406,灰階 + 4x 放大,5,是,
captcha_0646.jpg,84637,HSV 分離 + 二值化 + 5x 放大,5,是,
captcha_0647.jpg,864,HSV 分離 + 二值化 + 5x 放大,3,否,
captcha_0648.jpg,22663,HSV 分離 + 二值化 + 5x 放大,5,是,
captcha_0649.jpg,43278,HSV 分離 + 二值化 + 5x 放大,5,是,
captcha_0650.jpg,,HSV 分離 + 二值化 + 5x 放大,0,否,
captcha_0651.jpg,,HSV 分離 + 二值化 + 5x 放大,0,否,
captcha_0652.jpg,1605,HSV 分離 + 二值化 + 5x 放大,4,否,
captcha_0653.jpg,4573,HSV 分離 + 二值化 + 5x 放大,4,否,
captcha_0654.jpg,4,HSV 分離 + 二值化 + 5x 放大,1,否,
captcha_0655.jpg,97946,灰階 + 4x 放大,5,是,
captcha_0656.jpg,41713,灰階 + 4x 放大,5,是,
captcha_0657.jpg,3643,HSV 分離 + 二值化 + 5x 放大,4,否,
captcha_0658.jpg,84863,灰階 + 4x 放大,5,是,
captcha_0659.jpg,,HSV 分離 + 二值化 + 5x 放大,0,否,
captcha_0660.jpg,737,HSV 分離 + 二值化 + 5x 放大,3,否,
captcha_0661.jpg,45321,灰階 + 4x 放大,5,是,
captcha_0662.jpg,,HSV 分離 + 二值化 + 5x 放大,0,否,
captcha_0663.jpg,,HSV 分離 + 二值化 + 5x 放大,0,否,
captcha_0664.jpg,58498,HSV 分離 + 二值化 + 5x 放大,5,是,
captcha_0665.jpg,,HSV 分離 + 二值化 + 5x 放大,0,否,
captcha_0666.jpg,4,HSV 分離 + 二值化 + 5x 放大,1,否,
captcha_0667.jpg,,HSV 分離 + 二值化 + 5x 放大,0,否,
captcha_0668.jpg,,HSV 分離 + 二值化 + 5x 放大,0,否,
captcha_0669.jpg,,HSV 分離 + 二值化 + 5x 放大,0,否,
captcha_0670.jpg,,HSV 分離 + 二值化 + 5x 放大,0,否,
captcha_0671.jpg,127069,HSV 分離 + 二值化 + 5x 放大,6,否,
captcha_0672.jpg,,HSV 分離 + 二值化 + 5x 放大,0,否,
captcha_0673.jpg,41698,HSV 分離 + 二值化 + 5x 放大,5,是,
captcha_0674.jpg,,HSV 分離 + 二值化 + 5x 放大,0,否,
captcha_0675.jpg,8474,HSV 分離 + 二值化 + 5x 放大,4,否,
captcha_0676.jpg,56355,灰階 + 4x 放大,5,是,
captcha_0677.jpg,2765,HSV 分離 + 二值化 + 5x 放大,4,否,
captcha_0678.jpg,21368,HSV 分離 + 二值化 + 5x 放大,5,是,
captcha_0679.jpg,33427,HSV 分離 + 二值化 + 5x 放大,5,是,
captcha_0680.jpg,,HSV 分離 + 二值化 + 5x 放大,0,否,
captcha_0681.jpg,926,HSV 分離 + 二值化 + 5x 放大,3,否,
captcha_0682.jpg,32304,HSV 分離 + 二值化 + 5x 放大,5,是,
captcha_0683.jpg,,HSV 分離 + 二值化 + 5x 放大,0,否,
captcha_0684.jpg,241,HSV 分離 + 二值化 + 5x 放大,3,否,
captcha_0685.jpg,31336,HSV 分離 + 二值化 + 5x 放大,5,是,
captcha_0686.jpg,2888,HSV 分離 + 二值化 + 5x 放大,4,否,
captcha_0687.jpg,791,HSV 分離 + 二值化 + 5x 放大,3,否,
captcha_0688.jpg,1266,HSV 分離 + 二值化 + 5x 放大,4,否,
captcha_0689.jpg,,HSV 分離 + 二值化 + 5x 放大,0,否,
captcha_0690.jpg,7622,HSV 分離 + 二值化 + 5x 放大,4,否,
captcha_0691.jpg,33721,HSV 分離 + 二值化 + 5x 放大,5,是,
captcha_0692.jpg,,HSV 分離 + 二值化 + 5x 放大,0,否,
captcha_0693.jpg,20847,HSV 分離 + 二值化 + 5x 放大,5,是,
captcha_0694.jpg,,HSV 分離 + 二值化 + 5x 放大,0,否,
captcha_0695.jpg,6382,HSV 分離 + 二值化 + 5x 放大,4,否,
captcha_0696.jpg,,HSV 分離 + 二值化 + 5x 放大,0,否,
captcha_0697.jpg,,HSV 分離 + 二值化 + 5x 放大,0,否,
captcha_0698.jpg,36793,灰階 + 4x 放大,5,是,
captcha_0699.jpg,8562,HSV 分離 + 二值化 + 5x 放大,4,否,
captcha_0700.jpg,,HSV 分離 + 二值化 + 5x 放大,0,否,
captcha_0701.jpg,4234,HSV 分離 + 二值化 + 5x 放大,4,否,
captcha_0702.jpg,9250,HSV 分離 + 二值化 + 5x 放大,4,否,
captcha_0703.jpg,526,HSV 分離 + 二值化 + 5x 放大,3,否,
captcha_0704.jpg,205,HSV 分離 + 二值化 + 5x 放大,3,否,
captcha_0705.jpg,32732,灰階 + 4x 放大,5,是,
captcha_0706.jpg,,HSV 分離 + 二值化 + 5x 放大,0,否,
captcha_0707.jpg,42133,灰階 + 4x 放大,5,是,
captcha_0708.jpg,22604,灰階 + 4x 放大,5,是,
captcha_0709.jpg,79835,HSV 分離 + 二值化 + 5x 放大,5,是,
captcha_0710.jpg,9243,HSV 分離 + 二值化 + 5x 放大,4,否,
captcha_0711.jpg,,HSV 分離 + 二值化 + 5x 放大,0,否,
captcha_0712.jpg,2828,HSV 分離 + 二值化 + 5x 放大,4,否,
captcha_0713.jpg,,HSV 分離 + 二值化 + 5x 放大,0,否,
captcha_0714.jpg,5536,HSV 分離 + 二值化 + 5x 放大,4,否,
captcha_0715.jpg,24024,灰階 + 4x 放大,5,是,
captcha_0716.jpg,77607,灰階 + 4x 放大,5,是,
captcha_0717.jpg,99763,灰階 + 4x 放大,5,是,
captcha_0718.jpg,3568,HSV 分離 + 二值化 + 5x 放大,4,否,
captcha_0719.jpg,,HSV 分離 + 二值化 + 5x 放大,0,否,
captcha_0720.jpg,12083,HSV 分離 + 二值化 + 5x 放大,5,是,
captcha_0721.jpg,80472,灰階 + 4x 放大,5,是,
captcha_0722.jpg,,HSV 分離 + 二值化 + 5x 放大,0,否,
captcha_0723.jpg,42154,HSV 分離 + 二值化 + 5x 放大,5,是,
captcha_0724.jpg,,HSV 分離 + 二值化 + 5x 放大,0,否,
captcha_0725.jpg,92653,灰階 + 4x 放大,5,是,
captcha_0726.jpg,65393,灰階 + 4x 放大,5,是,
captcha_0727.jpg,16916,灰階 + 4x 放大,5,是,
captcha_0728.jpg,64650,灰階 + 4x 放大,5,是,
captcha_0729.jpg,92279,灰階 + 4x 放大,5,是,
captcha_0730.jpg,,HSV 分離 + 二值化 + 5x 放大,0,否,
captcha_0731.jpg,0295,HSV 分離 + 二值化 + 5x 放大,4,否,
captcha_0732.jpg,75296,灰階 + 4x 放大,5,是,
captcha_0733.jpg,3452,HSV 分離 + 二值化 + 5x 放大,4,否,
captcha_0734.jpg,,HSV 分離 + 二值化 + 5x 放大,0,否,
captcha_0735.jpg,,HSV 分離 + 二值化 + 5x 放大,0,否,
captcha_0736.jpg,73589,HSV 分離 + 二值化 + 5x 放大,5,是,
captcha_0737.jpg,,HSV 分離 + 二值化 + 5x 放大,0,否,
captcha_0738.jpg,,HSV 分離 + 二值化 + 5x 放大,0,否,
captcha_0739.jpg,853,HSV 分離 + 二值化 + 5x 放大,3,否,
captcha_0740.jpg,67497,灰階 + 4x 放大,5,是,
captcha_0741.jpg,1983,HSV 分離 + 二值化 + 5x 放大,4,否,
captcha_0742.jpg,,HSV 分離 + 二值化 + 5x 放大,0,否,
captcha_0743.jpg,69472,灰階 + 4x 放大,5,是,
captcha_0744.jpg,,HSV 分離 + 二值化 + 5x 放大,0,否,
captcha_0745.jpg,35674,HSV 分離 + 二值化 + 5x 放大,5,是,
captcha_0746.jpg,30959,灰階 + 4x 放大,5,是,
captcha_0747.jpg,19905,HSV 分離 + 二值化 + 5x 放大,5,是,
captcha_0748.jpg,49072,HSV 分離 + 二值化 + 5x 放大,5,是,
captcha_0749.jpg,559182,HSV 分離 + 二值化 + 5x 放大,6,否,
captcha_0750.jpg,49597,灰階 + 4x 放大,5,是,
captcha_0751.jpg,32077,灰階 + 4x 放大,5,是,
captcha_0752.jpg,09353,灰階 + 4x 放大,5,是,
captcha_0753.jpg,2,HSV 分離 + 二值化 + 5x 放大,1,否,
captcha_0754.jpg,52110,灰階 + 4x 放大,5,是,
captcha_0755.jpg,175,HSV 分離 + 二值化 + 5x 放大,3,否,
captcha_0756.jpg,8240,HSV 分離 + 二值化 + 5x 放大,4,否,
captcha_0757.jpg,,HSV 分離 + 二值化 + 5x 放大,0,否,
captcha_0758.jpg,3484,HSV 分離 + 二值化 + 5x 放大,4,否,
captcha_0759.jpg,73974,HSV 分離 + 二值化 + 5x 放大,5,是,
captcha_0760.jpg,,HSV 分離 + 二值化 + 5x 放大,0,否,
captcha_0761.jpg,85519,灰階 + 4x 放大,5,是,
captcha_0762.jpg,18995,HSV 分離 + 二值化 + 5x 放大,5,是,
captcha_0763.jpg,40024,HSV 分離 + 二值化 + 5x 放大,5,是,
captcha_0764.jpg,,HSV 分離 + 二值化 + 5x 放大,0,否,
captcha_0765.jpg,99284,灰階 + 4x 放大,5,是,
captcha_0766.jpg,,HSV 分離 + 二值化 + 5x 放大,0,否,
captcha_0767.jpg,,HSV 分離 + 二值化 + 5x 放大,0,否,
captcha_0768.jpg,,HSV 分離 + 二值化 + 5x 放大,0,否,
captcha_0769.jpg,3865,HSV 分離 + 二值化 + 5x 放大,4,否,
captcha_0770.jpg,392,HSV 分離 + 二值化 + 5x 放大,3,否,
captcha_0771.jpg,43739,HSV 分離 + 二值化 + 5x 放大,5,是,
captcha_0772.jpg,6675,HSV 分離 + 二值化 + 5x 放大,4,否,
captcha_0773.jpg,,HSV 分離 + 二值化 + 5x 放大,0,否,
captcha_0774.jpg,,HSV 分離 + 二值化 + 5x 放大,0,否,
captcha_0775.jpg,77076,灰階 + 4x 放大,5,是,
captcha_0776.jpg,,HSV 分離 + 二值化 + 5x 放大,0,否,
captcha_0777.jpg,3430,HSV 分離 + 二值化 + 5x 放大,4,否,
captcha_0778.jpg,14368,灰階 + 4x 放大,5,是,
captcha_0779.jpg,,HSV 分離 + 二值化 + 5x 放大,0,否,
captcha_0780.jpg,,HSV 分離 + 二值化 + 5x 放大,0,否,
captcha_0781.jpg,,HSV 分離 + 二值化 + 5x 放大,0,否,
captcha_0782.jpg,548,HSV 分離 + 二值化 + 5x 放大,3,否,
captcha_0783.jpg,34,HSV 分離 + 二值化 + 5x 放大,2,否,
captcha_0784.jpg,62334,灰階 + 4x 放大,5,是,
captcha_0785.jpg,32158,HSV 分離 + 二值化 + 5x 放大,5,是,
captcha_0786.jpg,3010,HSV 分離 + 二值化 + 5x 放大,4,否,
captcha_0787.jpg,3025,HSV 分離 + 二值化 + 5x 放大,4,否,
captcha_0788.jpg,,HSV 分離 + 二值化 + 5x 放大,0,否,
captcha_0789.jpg,68685,灰階 + 4x 放大,5,是,
captcha_0790.jpg,25,HSV 分離 + 二值化 + 5x 放大,2,否,
captcha_0791.jpg,,HSV 分離 + 二值化 + 5x 放大,0,否,
captcha_0792.jpg,32373,灰階 + 4x 放大,5,是,
captcha_0793.jpg,,HSV 分離 + 二值化 + 5x 放大,0,否,
captcha_0794.jpg,,HSV 分離 + 二值化 + 5x 放大,0,否,
captcha_0795.jpg,57082,HSV 分離 + 二值化 + 5x 放大,5,是,
captcha_0796.jpg,5871,HSV 分離 + 二值化 + 5x 放大,4,否,
captcha_0797.jpg,05496,灰階 + 4x 放大,5,是,
captcha_0798.jpg,93654,灰階 + 4x 放大,5,是,
captcha_0799.jpg,,HSV 分離 + 二值化 + 5x 放大,0,否,
captcha_0800.jpg,,HSV 分離 + 二值化 + 5x 放大,0,否,
captcha_0801.jpg,4,HSV 分離 + 二值化 + 5x 放大,1,否,
captcha_0802.jpg,23597,HSV 分離 + 二值化 + 5x 放大,5,是,
captcha_0803.jpg,,HSV 分離 + 二值化 + 5x 放大,0,否,
captcha_0804.jpg,31033,HSV 分離 + 二值化 + 5x 放大,5,是,
captcha_0805.jpg,,HSV 分離 + 二值化 + 5x 放大,0,否,
captcha_0806.jpg,27763,HSV 分離 + 二值化 + 5x 放大,5,是,
captcha_0807.jpg,73043,HSV 分離 + 二值化 + 5x 放大,5,是,
captcha_0808.jpg,428,HSV 分離 + 二值化 + 5x 放大,3,否,
captcha_0809.jpg,35108,HSV 分離 + 二值化 + 5x 放大,5,是,
captcha_0810.jpg,,HSV 分離 + 二值化 + 5x 放大,0,否,
captcha_0811.jpg,,HSV 分離 + 二值化 + 5x 放大,0,否,
captcha_0812.jpg,2265,HSV 分離 + 二值化 + 5x 放大,4,否,
captcha_0813.jpg,22048,HSV 分離 + 二值化 + 5x 放大,5,是,
captcha_0814.jpg,,HSV 分離 + 二值化 + 5x 放大,0,否,
captcha_0815.jpg,2,HSV 分離 + 二值化 + 5x 放大,1,否,
captcha_0816.jpg,30440,HSV 分離 + 二值化 + 5x 放大,5,是,
captcha_0817.jpg,18280,HSV 分離 + 二值化 + 5x 放大,5,是,
captcha_0818.jpg,32101,HSV 分離 + 二值化 + 5x 放大,5,是,
captcha_0819.jpg,42002,灰階 + 4x 放大,5,是,
captcha_0820.jpg,64958,灰階 + 4x 放大,5,是,
captcha_0821.jpg,9463,HSV 分離 + 二值化 + 5x 放大,4,否,
captcha_0822.jpg,4224,HSV 分離 + 二值化 + 5x 放大,4,否,
captcha_0823.jpg,,HSV 分離 + 二值化 + 5x 放大,0,否,
captcha_0824.jpg,655,HSV 分離 + 二值化 + 5x 放大,3,否,
captcha_0825.jpg,2965,HSV 分離 + 二值化 + 5x 放大,4,否,
captcha_0826.jpg,11236,HSV 分離 + 二值化 + 5x 放大,5,是,
captcha_0827.jpg,2382,HSV 分離 + 二值化 + 5x 放大,4,否,
captcha_0828.jpg,64230,灰階 + 4x 放大,5,是,
captcha_0829.jpg,76649,HSV 分離 + 二值化 + 5x 放大,5,是,
captcha_0830.jpg,,HSV 分離 + 二值化 + 5x 放大,0,否,
captcha_0831.jpg,,HSV 分離 + 二值化 + 5x 放大,0,否,
captcha_0832.jpg,21326,灰階 + 4x 放大,5,是,
captcha_0833.jpg,332314,HSV 分離 + 二值化 + 5x 放大,6,否,
captcha_0834.jpg,3422,HSV 分離 + 二值化 + 5x 放大,4,否,
captcha_0835.jpg,04360,灰階 + 4x 放大,5,是,
captcha_0836.jpg,,HSV 分離 + 二值化 + 5x 放大,0,否,
captcha_0837.jpg,42601,HSV 分離 + 二值化 + 5x 放大,5,是,
captcha_0838.jpg,4824,HSV 分離 + 二值化 + 5x 放大,4,否,
captcha_0839.jpg,,HSV 分離 + 二值化 + 5x 放大,0,否,
captcha_0840.jpg,839,HSV 分離 + 二值化 + 5x 放大,3,否,
captcha_0841.jpg,,HSV 分離 + 二值化 + 5x 放大,0,否,
captcha_0842.jpg,3709,HSV 分離 + 二值化 + 5x 放大,4,否,
captcha_0843.jpg,41447,灰階 + 4x 放大,5,是,
captcha_0844.jpg,31156,灰階 + 4x 放大,5,是,
captcha_0845.jpg,22734,HSV 分離 + 二值化 + 5x 放大,5,是,
captcha_0846.jpg,81504,灰階 + 4x 放大,5,是,
captcha_0847.jpg,,HSV 分離 + 二值化 + 5x 放大,0,否,
captcha_0848.jpg,56412,HSV 分離 + 二值化 + 5x 放大,5,是,
captcha_0849.jpg,69853,灰階 + 4x 放大,5,是,
captcha_0850.jpg,,HSV 分離 + 二值化 + 5x 放大,0,否,
captcha_0851.jpg,940,HSV 分離 + 二值化 + 5x 放大,3,否,
captcha_0852.jpg,,HSV 分離 + 二值化 + 5x 放大,0,否,
captcha_0853.jpg,5264,HSV 分離 + 二值化 + 5x 放大,4,否,
captcha_0854.jpg,3086,HSV 分離 + 二值化 + 5x 放大,4,否,
captcha_0855.jpg,,HSV 分離 + 二值化 + 5x 放大,0,否,
captcha_0856.jpg,239,HSV 分離 + 二值化 + 5x 放大,3,否,
captcha_0857.jpg,,HSV 分離 + 二值化 + 5x 放大,0,否,
captcha_0858.jpg,75658,灰階 + 4x 放大,5,是,
captcha_0859.jpg,52570,灰階 + 4x 放大,5,是,
captcha_0860.jpg,66030,HSV 分離 + 二值化 + 5x 放大,5,是,
captcha_0861.jpg,,HSV 分離 + 二值化 + 5x 放大,0,否,
captcha_0862.jpg,26558,HSV 分離 + 二值化 + 5x 放大,5,是,
captcha_0863.jpg,9202,HSV 分離 + 二值化 + 5x 放大,4,否,
captcha_0864.jpg,70130,灰階 + 4x 放大,5,是,
captcha_0865.jpg,764,HSV 分離 + 二值化 + 5x 放大,3,否,
captcha_0866.jpg,,HSV 分離 + 二值化 + 5x 放大,0,否,
captcha_0867.jpg,,HSV 分離 + 二值化 + 5x 放大,0,否,
captcha_0868.jpg,3385,HSV 分離 + 二值化 + 5x 放大,4,否,
captcha_0869.jpg,16025,灰階 + 4x 放大,5,是,
captcha_0870.jpg,,HSV 分離 + 二值化 + 5x 放大,0,否,
captcha_0871.jpg,30847,HSV 分離 + 二值化 + 5x 放大,5,是,
captcha_0872.jpg,,HSV 分離 + 二值化 + 5x 放大,0,否,
captcha_0873.jpg,,HSV 分離 + 二值化 + 5x 放大,0,否,
captcha_0874.jpg,85629,灰階 + 4x 放大,5,是,
captcha_0875.jpg,31092,灰階 + 4x 放大,5,是,
captcha_0876.jpg,59973,HSV 分離 + 二值化 + 5x 放大,5,是,
captcha_0877.jpg,84345,灰階 + 4x 放大,5,是,
captcha_0878.jpg,71259,HSV 分離 + 二值化 + 5x 放大,5,是,
captcha_0879.jpg,88009,HSV 分離 + 二值化 + 5x 放大,5,是,
captcha_0880.jpg,442,HSV 分離 + 二值化 + 5x 放大,3,否,
captcha_0881.jpg,13480,HSV 分離 + 二值化 + 5x 放大,5,是,
captcha_0882.jpg,68465,灰階 + 4x 放大,5,是,
captcha_0883.jpg,,HSV 分離 + 二值化 + 5x 放大,0,否,
captcha_0884.jpg,429,HSV 分離 + 二值化 + 5x 放大,3,否,
captcha_0885.jpg,878,HSV 分離 + 二值化 + 5x 放大,3,否,
captcha_0886.jpg,65674,灰階 + 4x 放大,5,是,
captcha_0887.jpg,364,HSV 分離 + 二值化 + 5x 放大,3,否,
captcha_0888.jpg,11186,HSV 分離 + 二值化 + 5x 放大,5,是,
captcha_0889.jpg,,HSV 分離 + 二值化 + 5x 放大,0,否,
captcha_0890.jpg,,HSV 分離 + 二值化 + 5x 放大,0,否,
captcha_0891.jpg,2034,HSV 分離 + 二值化 + 5x 放大,4,否,
captcha_0892.jpg,,HSV 分離 + 二值化 + 5x 放大,0,否,
captcha_0893.jpg,13783,HSV 分離 + 二值化 + 5x 放大,5,是,
captcha_0894.jpg,18265,灰階 + 4x 放大,5,是,
captcha_0895.jpg,46030,灰階 + 4x 放大,5,是,
captcha_0896.jpg,26784,HSV 分離 + 二值化 + 5x 放大,5,是,
captcha_0897.jpg,26778,HSV 分離 + 二值化 + 5x 放大,5,是,
captcha_0898.jpg,92709,灰階 + 4x 放大,5,是,
captcha_0899.jpg,9,HSV 分離 + 二值化 + 5x 放大,1,否,
captcha_0900.jpg,60,HSV 分離 + 二值化 + 5x 放大,2,否,
captcha_0901.jpg,67,HSV 分離 + 二值化 + 5x 放大,2,否,
captcha_0902.jpg,48626,HSV 分離 + 二值化 + 5x 放大,5,是,
captcha_0903.jpg,37851,HSV 分離 + 二值化 + 5x 放大,5,是,
captcha_0904.jpg,09218,HSV 分離 + 二值化 + 5x 放大,5,是,
captcha_0905.jpg,24435,HSV 分離 + 二值化 + 5x 放大,5,是,
captcha_0906.jpg,36772,灰階 + 4x 放大,5,是,
captcha_0907.jpg,77495,灰階 + 4x 放大,5,是,
captcha_0908.jpg,,HSV 分離 + 二值化 + 5x 放大,0,否,
captcha_0909.jpg,1480,HSV 分離 + 二值化 + 5x 放大,4,否,
captcha_0910.jpg,,HSV 分離 + 二值化 + 5x 放大,0,否,
captcha_0911.jpg,59005,灰階 + 4x 放大,5,是,
captcha_0912.jpg,45750,HSV 分離 + 二值化 + 5x 放大,5,是,
captcha_0913.jpg,78193,灰階 + 4x 放大,5,是,
captcha_0914.jpg,14,HSV 分離 + 二值化 + 5x 放大,2,否,
captcha_0915.jpg,,HSV 分離 + 二值化 + 5x 放大,0,否,
captcha_0916.jpg,34,HSV 分離 + 二值化 + 5x 放大,2,否,
captcha_0917.jpg,,HSV 分離 + 二值化 + 5x 放大,0,否,
captcha_0918.jpg,66491,灰階 + 4x 放大,5,是,
captcha_0919.jpg,06599,灰階 + 4x 放大,5,是,
captcha_0920.jpg,,HSV 分離 + 二值化 + 5x 放大,0,否,
captcha_0921.jpg,,HSV 分離 + 二值化 + 5x 放大,0,否,
captcha_0922.jpg,,HSV 分離 + 二值化 + 5x 放大,0,否,
captcha_0923.jpg,28606,HSV 分離 + 二值化 + 5x 放大,5,是,
captcha_0924.jpg,16507,HSV 分離 + 二值化 + 5x 放大,5,是,
captcha_0925.jpg,,HSV 分離 + 二值化 + 5x 放大,0,否,
captcha_0926.jpg,63525,HSV 分離 + 二值化 + 5x 放大,5,是,
captcha_0927.jpg,06879,灰階 + 4x 放大,5,是,
captcha_0928.jpg,58949,灰階 + 4x 放大,5,是,
captcha_0929.jpg,3426,HSV 分離 + 二值化 + 5x 放大,4,否,
captcha_0930.jpg,,HSV 分離 + 二值化 + 5x 放大,0,否,
captcha_0931.jpg,78505,灰階 + 4x 放大,5,是,
captcha_0932.jpg,,HSV 分離 + 二值化 + 5x 放大,0,否,
captcha_0933.jpg,,HSV 分離 + 二值化 + 5x 放大,0,否,
captcha_0934.jpg,59833,HSV 分離 + 二值化 + 5x 放大,5,是,
captcha_0935.jpg,83269,灰階 + 4x 放大,5,是,
captcha_0936.jpg,5928,HSV 分離 + 二值化 + 5x 放大,4,否,
captcha_0937.jpg,,HSV 分離 + 二值化 + 5x 放大,0,否,
captcha_0938.jpg,61625,灰階 + 4x 放大,5,是,
captcha_0939.jpg,,HSV 分離 + 二值化 + 5x 放大,0,否,
captcha_0940.jpg,31834,HSV 分離 + 二值化 + 5x 放大,5,是,
captcha_0941.jpg,33299,HSV 分離 + 二值化 + 5x 放大,5,是,
captcha_0942.jpg,212,HSV 分離 + 二值化 + 5x 放大,3,否,
captcha_0943.jpg,,HSV 分離 + 二值化 + 5x 放大,0,否,
captcha_0944.jpg,,HSV 分離 + 二值化 + 5x 放大,0,否,
captcha_0945.jpg,172,HSV 分離 + 二值化 + 5x 放大,3,否,
captcha_0946.jpg,79983,灰階 + 4x 放大,5,是,
captcha_0947.jpg,5087,HSV 分離 + 二值化 + 5x 放大,4,否,
captcha_0948.jpg,,HSV 分離 + 二值化 + 5x 放大,0,否,
captcha_0949.jpg,,HSV 分離 + 二值化 + 5x 放大,0,否,
captcha_0950.jpg,8168,HSV 分離 + 二值化 + 5x 放大,4,否,
captcha_0951.jpg,39,HSV 分離 + 二值化 + 5x 放大,2,否,
captcha_0952.jpg,22760,HSV 分離 + 二值化 + 5x 放大,5,是,
captcha_0953.jpg,23293,灰階 + 4x 放大,5,是,
captcha_0954.jpg,95586,灰階 + 4x 放大,5,是,
captcha_0955.jpg,,HSV 分離 + 二值化 + 5x 放大,0,否,
captcha_0956.jpg,42388,灰階 + 4x 放大,5,是,
captcha_0957.jpg,00286,灰階 + 4x 放大,5,是,
captcha_0958.jpg,,HSV 分離 + 二值化 + 5x 放大,0,否,
captcha_0959.jpg,,HSV 分離 + 二值化 + 5x 放大,0,否,
captcha_0960.jpg,,HSV 分離 + 二值化 + 5x 放大,0,否,
captcha_0961.jpg,72145,灰階 + 4x 放大,5,是,
captcha_0962.jpg,56154,灰階 + 4x 放大,5,是,
captcha_0963.jpg,,HSV 分離 + 二值化 + 5x 放大,0,否,
captcha_0964.jpg,,HSV 分離 + 二值化 + 5x 放大,0,否,
captcha_0965.jpg,26663,HSV 分離 + 二值化 + 5x 放大,5,是,
captcha_0966.jpg,30607,灰階 + 4x 放大,5,是,
captcha_0967.jpg,42811,HSV 分離 + 二值化 + 5x 放大,5,是,
captcha_0968.jpg,3,HSV 分離 + 二值化 + 5x 放大,1,否,
captcha_0969.jpg,,HSV 分離 + 二值化 + 5x 放大,0,否,
captcha_0970.jpg,53425,HSV 分離 + 二值化 + 5x 放大,5,是,
captcha_0971.jpg,,HSV 分離 + 二值化 + 5x 放大,0,否,
captcha_0972.jpg,29616,灰階 + 4x 放大,5,是,
captcha_0973.jpg,30718,HSV 分離 + 二值化 + 5x 放大,5,是,
captcha_0974.jpg,97046,灰階 + 4x 放大,5,是,
captcha_0975.jpg,42789,HSV 分離 + 二值化 + 5x 放大,5,是,
captcha_0976.jpg,20985,灰階 + 4x 放大,5,是,
captcha_0977.jpg,,HSV 分離 + 二值化 + 5x 放大,0,否,
captcha_0978.jpg,38135,灰階 + 4x 放大,5,是,
captcha_0979.jpg,132703,HSV 分離 + 二值化 + 5x 放大,6,否,
captcha_0980.jpg,96459,灰階 + 4x 放大,5,是,
captcha_0981.jpg,31626,HSV 分離 + 二值化 + 5x 放大,5,是,
captcha_0982.jpg,,HSV 分離 + 二值化 + 5x 放大,0,否,
captcha_0983.jpg,,HSV 分離 + 二值化 + 5x 放大,0,否,
captcha_0984.jpg,1348,HSV 分離 + 二值化 + 5x 放大,4,否,
captcha_0985.jpg,817,HSV 分離 + 二值化 + 5x 放大,3,否,
captcha_0986.jpg,24432,灰階 + 4x 放大,5,是,
captcha_0987.jpg,416667,HSV 分離 + 二值化 + 5x 放大,6,否,
captcha_0988.jpg,,HSV 分離 + 二值化 + 5x 放大,0,否,
captcha_0989.jpg,22,HSV 分離 + 二值化 + 5x 放大,2,否,
captcha_0990.jpg,8806,HSV 分離 + 二值化 + 5x 放大,4,否,
captcha_0991.jpg,87911,灰階 + 4x 放大,5,是,
captcha_0992.jpg,583,HSV 分離 + 二值化 + 5x 放大,3,否,
captcha_0993.jpg,,HSV 分離 + 二值化 + 5x 放大,0,否,
captcha_0994.jpg,87545,灰階 + 4x 放大,5,是,
captcha_0995.jpg,31944,HSV 分離 + 二值化 + 5x 放大,5,是,
captcha_0996.jpg,2546,HSV 分離 + 二值化 + 5x 放大,4,否,
captcha_0997.jpg,9882,HSV 分離 + 二值化 + 5x 放大,4,否,
captcha_0998.jpg,9353,HSV 分離 + 二值化 + 5x 放大,4,否,
captcha_0999.jpg,,HSV 分離 + 二值化 + 5x 放大,0,否,
captcha_1000.jpg,20111,灰階 + 4x 放大,5,是,
