檔名,辨識結果,辨識方法,數字位數,是否5位數,需人工複核,複核原因,二值版本結果,最小候選分差,最大字形距離,錯誤訊息
captcha_0001.jpg,16861,自適應色彩分離 + 逐字模板比對,5,是,否,,16861,0.039991,0.018079,
captcha_0002.jpg,13530,自適應色彩分離 + 逐字模板比對,5,是,否,,13530,0.035337,0.034336,
captcha_0003.jpg,32364,自適應色彩分離 + 逐字模板比對,5,是,否,,32364,0.051132,0.021057,
captcha_0004.jpg,72007,自適應色彩分離 + 逐字模板比對,5,是,否,,72007,0.037683,0.036899,
captcha_0005.jpg,31609,自適應色彩分離 + 逐字模板比對,5,是,否,,31609,0.036894,0.034498,
captcha_0006.jpg,11214,自適應色彩分離 + 逐字模板比對,5,是,否,,11214,0.061649,0.043176,
captcha_0007.jpg,29421,自適應色彩分離 + 逐字模板比對,5,是,否,,29421,0.046496,0.017851,
captcha_0008.jpg,36335,自適應色彩分離 + 逐字模板比對,5,是,否,,36335,0.047530,0.033834,
captcha_0009.jpg,39299,自適應色彩分離 + 逐字模板比對,5,是,否,,39299,0.031870,0.047244,
captcha_0010.jpg,85783,自適應色彩分離 + 逐字模板比對,5,是,否,,85783,0.027925,0.029820,
captcha_0011.jpg,37018,自適應色彩分離 + 逐字模板比對,5,是,否,,37018,0.020994,0.054678,
captcha_0012.jpg,07341,自適應色彩分離 + 逐字模板比對,5,是,否,,07341,0.035146,0.052584,
captcha_0013.jpg,34524,自適應色彩分離 + 逐字模板比對,5,是,否,,34524,0.060385,0.019643,
captcha_0014.jpg,37063,自適應色彩分離 + 逐字模板比對,5,是,否,,37063,0.029769,0.058633,
captcha_0015.jpg,87679,自適應色彩分離 + 逐字模板比對,5,是,否,,87679,0.043264,0.047433,
captcha_0016.jpg,46275,自適應色彩分離 + 逐字模板比對,5,是,否,,46275,0.051601,0.037441,
captcha_0017.jpg,47610,自適應色彩分離 + 逐字模板比對,5,是,否,,47610,0.038607,0.028015,
captcha_0018.jpg,92426,自適應色彩分離 + 逐字模板比對,5,是,否,,92426,0.020483,0.037345,
captcha_0019.jpg,65021,自適應色彩分離 + 逐字模板比對,5,是,否,,65021,0.043410,0.032512,
captcha_0020.jpg,88339,自適應色彩分離 + 逐字模板比對,5,是,是,候選字形分數接近,88339,0.012829,0.034059,
captcha_0021.jpg,93762,自適應色彩分離 + 逐字模板比對,5,是,否,,93762,0.050584,0.014878,
captcha_0022.jpg,63176,自適應色彩分離 + 逐字模板比對,5,是,否,,63176,0.030637,0.047821,
captcha_0023.jpg,31969,自適應色彩分離 + 逐字模板比對,5,是,否,,31969,0.022849,0.035128,
captcha_0024.jpg,11453,自適應色彩分離 + 逐字模板比對,5,是,否,,11453,0.070005,0.016726,
captcha_0025.jpg,69271,自適應色彩分離 + 逐字模板比對,5,是,否,,69271,0.044761,0.020737,
captcha_0026.jpg,75832,自適應色彩分離 + 逐字模板比對,5,是,是,候選字形分數接近,75832,0.016496,0.033217,
captcha_0027.jpg,20797,自適應色彩分離 + 逐字模板比對,5,是,是,候選字形分數接近,20797,0.017762,0.038722,
captcha_0028.jpg,12109,自適應色彩分離 + 逐字模板比對,5,是,否,,12109,0.030364,0.046990,
captcha_0029.jpg,66179,自適應色彩分離 + 逐字模板比對,5,是,否,,66179,0.043688,0.021078,
captcha_0030.jpg,00540,自適應色彩分離 + 逐字模板比對,5,是,否,,00540,0.038049,0.041492,
captcha_0031.jpg,03112,自適應色彩分離 + 逐字模板比對,5,是,否,,03112,0.048836,0.016357,
captcha_0032.jpg,88592,自適應色彩分離 + 逐字模板比對,5,是,否,,88592,0.053632,0.020821,
captcha_0033.jpg,55536,自適應色彩分離 + 逐字模板比對,5,是,否,,55536,0.047458,0.021494,
captcha_0034.jpg,12029,自適應色彩分離 + 逐字模板比對,5,是,否,,12029,0.024354,0.031006,
captcha_0035.jpg,36045,自適應色彩分離 + 逐字模板比對,5,是,是,候選字形分數接近,36045,0.016401,0.033280,
captcha_0036.jpg,23753,自適應色彩分離 + 逐字模板比對,5,是,否,,23753,0.050383,0.028351,
captcha_0037.jpg,20002,自適應色彩分離 + 逐字模板比對,5,是,否,,20002,0.030720,0.030869,
captcha_0038.jpg,12870,自適應色彩分離 + 逐字模板比對,5,是,否,,12870,0.043636,0.019052,
captcha_0039.jpg,50267,自適應色彩分離 + 逐字模板比對,5,是,否,,50267,0.044504,0.047848,
captcha_0040.jpg,57933,自適應色彩分離 + 逐字模板比對,5,是,否,,57933,0.044963,0.029439,
captcha_0041.jpg,17423,自適應色彩分離 + 逐字模板比對,5,是,否,,17423,0.046735,0.026758,
captcha_0042.jpg,62056,自適應色彩分離 + 逐字模板比對,5,是,否,,62056,0.037373,0.021722,
captcha_0043.jpg,74665,自適應色彩分離 + 逐字模板比對,5,是,否,,74665,0.036331,0.014820,
captcha_0044.jpg,12753,自適應色彩分離 + 逐字模板比對,5,是,否,,12753,0.065996,0.021482,
captcha_0045.jpg,61606,自適應色彩分離 + 逐字模板比對,5,是,否,,61606,0.020081,0.025975,
captcha_0046.jpg,61226,自適應色彩分離 + 逐字模板比對,5,是,否,,61226,0.035351,0.027443,
captcha_0047.jpg,38017,自適應色彩分離 + 逐字模板比對,5,是,否,,38017,0.032338,0.035072,
captcha_0048.jpg,78445,自適應色彩分離 + 逐字模板比對,5,是,否,,78445,0.036621,0.047174,
captcha_0049.jpg,74753,自適應色彩分離 + 逐字模板比對,5,是,否,,74753,0.037245,0.037398,
captcha_0050.jpg,95185,自適應色彩分離 + 逐字模板比對,5,是,否,,95185,0.044161,0.019526,
captcha_0051.jpg,83701,自適應色彩分離 + 逐字模板比對,5,是,否,,83701,0.038926,0.043771,
captcha_0052.jpg,73638,自適應色彩分離 + 逐字模板比對,5,是,否,,73638,0.025636,0.035027,
captcha_0053.jpg,13748,自適應色彩分離 + 逐字模板比對,5,是,否,,13748,0.028744,0.033154,
captcha_0054.jpg,91410,自適應色彩分離 + 逐字模板比對,5,是,否,,91410,0.041765,0.032653,
captcha_0055.jpg,06640,自適應色彩分離 + 逐字模板比對,5,是,否,,06640,0.039969,0.025193,
captcha_0056.jpg,10111,自適應色彩分離 + 逐字模板比對,5,是,否,,10111,0.034257,0.042757,
captcha_0057.jpg,73533,自適應色彩分離 + 逐字模板比對,5,是,否,,73533,0.040518,0.037823,
captcha_0058.jpg,27317,自適應色彩分離 + 逐字模板比對,5,是,否,,27317,0.057914,0.016845,
captcha_0059.jpg,07584,自適應色彩分離 + 逐字模板比對,5,是,否,,07584,0.026199,0.035622,
captcha_0060.jpg,14715,自適應色彩分離 + 逐字模板比對,5,是,否,,14715,0.039417,0.044320,
captcha_0061.jpg,97613,自適應色彩分離 + 逐字模板比對,5,是,否,,97613,0.041731,0.031934,
captcha_0062.jpg,07442,自適應色彩分離 + 逐字模板比對,5,是,否,,07442,0.057749,0.040297,
captcha_0063.jpg,43243,自適應色彩分離 + 逐字模板比對,5,是,否,,43243,0.049242,0.042930,
captcha_0064.jpg,78141,自適應色彩分離 + 逐字模板比對,5,是,否,,78141,0.029635,0.025918,
captcha_0065.jpg,16817,自適應色彩分離 + 逐字模板比對,5,是,否,,16817,0.040141,0.022002,
captcha_0066.jpg,05244,自適應色彩分離 + 逐字模板比對,5,是,否,,05244,0.047062,0.033027,
captcha_0067.jpg,01742,自適應色彩分離 + 逐字模板比對,5,是,否,,01742,0.055534,0.027391,
captcha_0068.jpg,82950,自適應色彩分離 + 逐字模板比對,5,是,否,,82950,0.040912,0.020189,
captcha_0069.jpg,03439,自適應色彩分離 + 逐字模板比對,5,是,否,,03439,0.052055,0.018749,
captcha_0070.jpg,73029,自適應色彩分離 + 逐字模板比對,5,是,否,,73029,0.037137,0.041675,
captcha_0071.jpg,74372,自適應色彩分離 + 逐字模板比對,5,是,否,,74372,0.059997,0.021803,
captcha_0072.jpg,31160,自適應色彩分離 + 逐字模板比對,5,是,否,,31160,0.030965,0.026240,
captcha_0073.jpg,69500,自適應色彩分離 + 逐字模板比對,5,是,否,,69500,0.035966,0.069256,
captcha_0074.jpg,39903,自適應色彩分離 + 逐字模板比對,5,是,否,,39903,0.032270,0.045758,
captcha_0075.jpg,85455,自適應色彩分離 + 逐字模板比對,5,是,否,,85455,0.039508,0.029553,
captcha_0076.jpg,72482,自適應色彩分離 + 逐字模板比對,5,是,否,,72482,0.025331,0.038736,
captcha_0077.jpg,39975,自適應色彩分離 + 逐字模板比對,5,是,否,,39975,0.058221,0.024758,
captcha_0078.jpg,68291,自適應色彩分離 + 逐字模板比對,5,是,否,,68291,0.020100,0.042063,
captcha_0079.jpg,75637,自適應色彩分離 + 逐字模板比對,5,是,否,,75637,0.049565,0.038845,
captcha_0080.jpg,26468,自適應色彩分離 + 逐字模板比對,5,是,否,,26468,0.042212,0.021480,
captcha_0081.jpg,94178,自適應色彩分離 + 逐字模板比對,5,是,否,,94178,0.049204,0.024973,
captcha_0082.jpg,32962,自適應色彩分離 + 逐字模板比對,5,是,否,,32962,0.039836,0.019653,
captcha_0083.jpg,79975,自適應色彩分離 + 逐字模板比對,5,是,否,,79975,0.055794,0.046621,
captcha_0084.jpg,47037,自適應色彩分離 + 逐字模板比對,5,是,否,,47037,0.048885,0.041751,
captcha_0085.jpg,55231,自適應色彩分離 + 逐字模板比對,5,是,否,,55231,0.058600,0.018413,
captcha_0086.jpg,20134,自適應色彩分離 + 逐字模板比對,5,是,否,,20134,0.040113,0.034110,
captcha_0087.jpg,44153,自適應色彩分離 + 逐字模板比對,5,是,否,,44153,0.041092,0.049209,
captcha_0088.jpg,54974,自適應色彩分離 + 逐字模板比對,5,是,否,,54974,0.056456,0.020925,
captcha_0089.jpg,81629,自適應色彩分離 + 逐字模板比對,5,是,是,候選字形分數接近,81629,0.016803,0.033732,
captcha_0090.jpg,56606,自適應色彩分離 + 逐字模板比對,5,是,否,,56606,0.022725,0.048038,
captcha_0091.jpg,76302,自適應色彩分離 + 逐字模板比對,5,是,否,,76302,0.026233,0.028750,
captcha_0092.jpg,38293,自適應色彩分離 + 逐字模板比對,5,是,否,,38293,0.047771,0.012764,
captcha_0093.jpg,36628,自適應色彩分離 + 逐字模板比對,5,是,否,,36628,0.040343,0.028999,
captcha_0094.jpg,36558,自適應色彩分離 + 逐字模板比對,5,是,否,,36558,0.022129,0.043324,
captcha_0095.jpg,63090,自適應色彩分離 + 逐字模板比對,5,是,否,,63090,0.038866,0.033359,
captcha_0096.jpg,90824,自適應色彩分離 + 逐字模板比對,5,是,否,,90824,0.023188,0.028140,
captcha_0097.jpg,71379,自適應色彩分離 + 逐字模板比對,5,是,否,,71379,0.031476,0.035820,
captcha_0098.jpg,36779,自適應色彩分離 + 逐字模板比對,5,是,否,,36779,0.044229,0.017897,
captcha_0099.jpg,91251,自適應色彩分離 + 逐字模板比對,5,是,否,,91251,0.031843,0.033118,
captcha_0100.jpg,43889,自適應色彩分離 + 逐字模板比對,5,是,否,,43889,0.043343,0.025233,
captcha_0101.jpg,83319,自適應色彩分離 + 逐字模板比對,5,是,否,,83319,0.036206,0.044685,
captcha_0102.jpg,44314,自適應色彩分離 + 逐字模板比對,5,是,否,,44314,0.040214,0.036527,
captcha_0103.jpg,15567,自適應色彩分離 + 逐字模板比對,5,是,否,,15567,0.028324,0.026788,
captcha_0104.jpg,48068,自適應色彩分離 + 逐字模板比對,5,是,否,,48068,0.031690,0.037369,
captcha_0105.jpg,48575,自適應色彩分離 + 逐字模板比對,5,是,否,,48575,0.032092,0.026073,
captcha_0106.jpg,79286,自適應色彩分離 + 逐字模板比對,5,是,否,,79286,0.037222,0.026360,
captcha_0107.jpg,78079,自適應色彩分離 + 逐字模板比對,5,是,是,候選字形分數接近,78079,0.010420,0.044238,
captcha_0108.jpg,95314,自適應色彩分離 + 逐字模板比對,5,是,否,,95314,0.052591,0.016791,
captcha_0109.jpg,71482,自適應色彩分離 + 逐字模板比對,5,是,是,候選字形分數接近,71482,0.013662,0.024386,
captcha_0110.jpg,43405,自適應色彩分離 + 逐字模板比對,5,是,否,,43405,0.040713,0.051410,
captcha_0111.jpg,58027,自適應色彩分離 + 逐字模板比對,5,是,否,,58027,0.040347,0.040450,
captcha_0112.jpg,77450,自適應色彩分離 + 逐字模板比對,5,是,否,,77450,0.042316,0.019565,
captcha_0113.jpg,11030,自適應色彩分離 + 逐字模板比對,5,是,否,,11030,0.047517,0.017802,
captcha_0114.jpg,82207,自適應色彩分離 + 逐字模板比對,5,是,否,,82207,0.040975,0.022806,
captcha_0115.jpg,79520,自適應色彩分離 + 逐字模板比對,5,是,否,,79520,0.056278,0.023071,
captcha_0116.jpg,57688,自適應色彩分離 + 逐字模板比對,5,是,否,,57688,0.030984,0.041452,
captcha_0117.jpg,81242,自適應色彩分離 + 逐字模板比對,5,是,否,,81242,0.024496,0.028415,
captcha_0118.jpg,49573,自適應色彩分離 + 逐字模板比對,5,是,否,,49573,0.047615,0.030231,
captcha_0119.jpg,47339,自適應色彩分離 + 逐字模板比對,5,是,是,候選字形分數接近,47339,0.009553,0.043125,
captcha_0120.jpg,07030,自適應色彩分離 + 逐字模板比對,5,是,否,,07030,0.045247,0.024249,
captcha_0121.jpg,30213,自適應色彩分離 + 逐字模板比對,5,是,否,,30213,0.027016,0.029886,
captcha_0122.jpg,06147,自適應色彩分離 + 逐字模板比對,5,是,否,,06147,0.035616,0.021191,
captcha_0123.jpg,50023,自適應色彩分離 + 逐字模板比對,5,是,否,,50023,0.023611,0.055335,
captcha_0124.jpg,12565,自適應色彩分離 + 逐字模板比對,5,是,否,,12565,0.035541,0.032963,
captcha_0125.jpg,47410,自適應色彩分離 + 逐字模板比對,5,是,否,,47410,0.041175,0.028509,
captcha_0126.jpg,79104,自適應色彩分離 + 逐字模板比對,5,是,否,,79104,0.052288,0.046071,
captcha_0127.jpg,69087,自適應色彩分離 + 逐字模板比對,5,是,否,,69087,0.025791,0.054924,
captcha_0128.jpg,08828,自適應色彩分離 + 逐字模板比對,5,是,是,候選字形分數接近,08828,0.016571,0.031222,
captcha_0129.jpg,74885,自適應色彩分離 + 逐字模板比對,5,是,否,,74885,0.034808,0.018270,
captcha_0130.jpg,68348,自適應色彩分離 + 逐字模板比對,5,是,否,,68348,0.033147,0.030517,
captcha_0131.jpg,52982,自適應色彩分離 + 逐字模板比對,5,是,是,候選字形分數接近,52982,0.003639,0.035854,
captcha_0132.jpg,26477,自適應色彩分離 + 逐字模板比對,5,是,是,候選字形分數接近,26477,0.014383,0.044772,
captcha_0133.jpg,98934,自適應色彩分離 + 逐字模板比對,5,是,否,,98934,0.024103,0.047030,
captcha_0134.jpg,65978,自適應色彩分離 + 逐字模板比對,5,是,否,,65978,0.034285,0.056968,
captcha_0135.jpg,97874,自適應色彩分離 + 逐字模板比對,5,是,否,,97874,0.035379,0.031735,
captcha_0136.jpg,04811,自適應色彩分離 + 逐字模板比對,5,是,否,,04811,0.035448,0.049596,
captcha_0137.jpg,64503,自適應色彩分離 + 逐字模板比對,5,是,否,,64503,0.041585,0.051810,
captcha_0138.jpg,46654,自適應色彩分離 + 逐字模板比對,5,是,否,,46654,0.051022,0.035502,
captcha_0139.jpg,06373,自適應色彩分離 + 逐字模板比對,5,是,否,,06373,0.036612,0.026320,
captcha_0140.jpg,71783,自適應色彩分離 + 逐字模板比對,5,是,否,,71783,0.036407,0.035288,
captcha_0141.jpg,33825,自適應色彩分離 + 逐字模板比對,5,是,否,,33825,0.043541,0.028524,
captcha_0142.jpg,88573,自適應色彩分離 + 逐字模板比對,5,是,否,,88573,0.044586,0.025900,
captcha_0143.jpg,05040,自適應色彩分離 + 逐字模板比對,5,是,否,,05040,0.043815,0.044555,
captcha_0144.jpg,71205,自適應色彩分離 + 逐字模板比對,5,是,否,,71205,0.041206,0.038394,
captcha_0145.jpg,14051,自適應色彩分離 + 逐字模板比對,5,是,否,,14051,0.052964,0.020591,
captcha_0146.jpg,27399,自適應色彩分離 + 逐字模板比對,5,是,否,,27399,0.030601,0.033739,
captcha_0147.jpg,40349,自適應色彩分離 + 逐字模板比對,5,是,是,候選字形分數接近,40349,0.015561,0.045266,
captcha_0148.jpg,77116,自適應色彩分離 + 逐字模板比對,5,是,否,,77116,0.023868,0.033497,
captcha_0149.jpg,37925,自適應色彩分離 + 逐字模板比對,5,是,否,,37925,0.024665,0.027838,
captcha_0150.jpg,07790,自適應色彩分離 + 逐字模板比對,5,是,否,,07790,0.048743,0.020789,
captcha_0151.jpg,15632,自適應色彩分離 + 逐字模板比對,5,是,是,候選字形分數接近,15632,0.017771,0.028615,
captcha_0152.jpg,21251,自適應色彩分離 + 逐字模板比對,5,是,否,,21251,0.045283,0.038427,
captcha_0153.jpg,54049,自適應色彩分離 + 逐字模板比對,5,是,否,,54049,0.023643,0.027759,
captcha_0154.jpg,38640,自適應色彩分離 + 逐字模板比對,5,是,否,,38640,0.037251,0.034972,
captcha_0155.jpg,91976,自適應色彩分離 + 逐字模板比對,5,是,否,,91976,0.045312,0.021022,
captcha_0156.jpg,55130,自適應色彩分離 + 逐字模板比對,5,是,否,,55130,0.062605,0.029439,
captcha_0157.jpg,28452,自適應色彩分離 + 逐字模板比對,5,是,否,,28452,0.041912,0.019587,
captcha_0158.jpg,01493,自適應色彩分離 + 逐字模板比對,5,是,否,,01493,0.053443,0.013523,
captcha_0159.jpg,67509,自適應色彩分離 + 逐字模板比對,5,是,否,,67509,0.026423,0.038586,
captcha_0160.jpg,38174,自適應色彩分離 + 逐字模板比對,5,是,否,,38174,0.054536,0.038377,
captcha_0161.jpg,53371,自適應色彩分離 + 逐字模板比對,5,是,否,,53371,0.038196,0.042601,
captcha_0162.jpg,11960,自適應色彩分離 + 逐字模板比對,5,是,否,,11960,0.030330,0.039405,
captcha_0163.jpg,16608,自適應色彩分離 + 逐字模板比對,5,是,是,候選字形分數接近,16608,0.018870,0.027288,
captcha_0164.jpg,69975,自適應色彩分離 + 逐字模板比對,5,是,否,,69975,0.042646,0.043627,
captcha_0165.jpg,46274,自適應色彩分離 + 逐字模板比對,5,是,否,,46274,0.038399,0.019526,
captcha_0166.jpg,88677,自適應色彩分離 + 逐字模板比對,5,是,否,,88677,0.047722,0.036363,
captcha_0167.jpg,68707,自適應色彩分離 + 逐字模板比對,5,是,否,,68707,0.041199,0.042752,
captcha_0168.jpg,40487,自適應色彩分離 + 逐字模板比對,5,是,否,,40487,0.044582,0.025360,
captcha_0169.jpg,65151,自適應色彩分離 + 逐字模板比對,5,是,否,,65151,0.045207,0.027077,
captcha_0170.jpg,70363,自適應色彩分離 + 逐字模板比對,5,是,否,,70363,0.029778,0.024060,
captcha_0171.jpg,89011,自適應色彩分離 + 逐字模板比對,5,是,否,,89011,0.032791,0.027421,
captcha_0172.jpg,95505,自適應色彩分離 + 逐字模板比對,5,是,否,,95505,0.040675,0.049154,
captcha_0173.jpg,85872,自適應色彩分離 + 逐字模板比對,5,是,否,,85872,0.044017,0.043271,
captcha_0174.jpg,02150,自適應色彩分離 + 逐字模板比對,5,是,否,,02150,0.046423,0.049073,
captcha_0175.jpg,22370,自適應色彩分離 + 逐字模板比對,5,是,否,,22370,0.048292,0.034185,
captcha_0176.jpg,66864,自適應色彩分離 + 逐字模板比對,5,是,否,,66864,0.044659,0.024632,
captcha_0177.jpg,44030,自適應色彩分離 + 逐字模板比對,5,是,否,,44030,0.039685,0.036450,
captcha_0178.jpg,81370,自適應色彩分離 + 逐字模板比對,5,是,否,,81370,0.035163,0.025319,
captcha_0179.jpg,77839,自適應色彩分離 + 逐字模板比對,5,是,否,,77839,0.045932,0.022676,
captcha_0180.jpg,35387,自適應色彩分離 + 逐字模板比對,5,是,否,,35387,0.024674,0.038237,
captcha_0181.jpg,40199,自適應色彩分離 + 逐字模板比對,5,是,是,候選字形分數接近,40199,0.018238,0.061684,
captcha_0182.jpg,30608,自適應色彩分離 + 逐字模板比對,5,是,否,,30608,0.027668,0.042797,
captcha_0183.jpg,31266,自適應色彩分離 + 逐字模板比對,5,是,否,,31266,0.026434,0.026772,
captcha_0184.jpg,22658,自適應色彩分離 + 逐字模板比對,5,是,否,,22658,0.031687,0.035354,
captcha_0185.jpg,75812,自適應色彩分離 + 逐字模板比對,5,是,否,,75812,0.032767,0.042716,
captcha_0186.jpg,94454,自適應色彩分離 + 逐字模板比對,5,是,否,,94454,0.041496,0.045561,
captcha_0187.jpg,77828,自適應色彩分離 + 逐字模板比對,5,是,否,,77828,0.036096,0.056298,
captcha_0188.jpg,37391,自適應色彩分離 + 逐字模板比對,5,是,否,,37391,0.034247,0.030548,
captcha_0189.jpg,68149,自適應色彩分離 + 逐字模板比對,5,是,是,候選字形分數接近,68149,0.016412,0.047486,
captcha_0190.jpg,28579,自適應色彩分離 + 逐字模板比對,5,是,否,,28579,0.047229,0.038228,
captcha_0191.jpg,69568,自適應色彩分離 + 逐字模板比對,5,是,否,,69568,0.031036,0.038806,
captcha_0192.jpg,27440,自適應色彩分離 + 逐字模板比對,5,是,否,,27440,0.037798,0.045114,
captcha_0193.jpg,92849,自適應色彩分離 + 逐字模板比對,5,是,否,,92849,0.030357,0.033333,
captcha_0194.jpg,55946,自適應色彩分離 + 逐字模板比對,5,是,否,,55946,0.026610,0.029637,
captcha_0195.jpg,75588,自適應色彩分離 + 逐字模板比對,5,是,否,,75588,0.029538,0.017883,
captcha_0196.jpg,91671,自適應色彩分離 + 逐字模板比對,5,是,是,候選字形分數接近,91671,0.010748,0.062305,
captcha_0197.jpg,58833,自適應色彩分離 + 逐字模板比對,5,是,否,,58833,0.036860,0.034326,
captcha_0198.jpg,51941,自適應色彩分離 + 逐字模板比對,5,是,否,,51941,0.055246,0.017224,
captcha_0199.jpg,52503,自適應色彩分離 + 逐字模板比對,5,是,否,,52503,0.033676,0.043176,
captcha_0200.jpg,57347,自適應色彩分離 + 逐字模板比對,5,是,否,,57347,0.064356,0.019917,
captcha_0201.jpg,24605,自適應色彩分離 + 逐字模板比對,5,是,否,,24605,0.032822,0.026594,
captcha_0202.jpg,34756,自適應色彩分離 + 逐字模板比對,5,是,否,,34756,0.021093,0.051587,
captcha_0203.jpg,90140,自適應色彩分離 + 逐字模板比對,5,是,否,,90140,0.023843,0.043507,
captcha_0204.jpg,87601,自適應色彩分離 + 逐字模板比對,5,是,否,,87601,0.043195,0.021861,
captcha_0205.jpg,42892,自適應色彩分離 + 逐字模板比對,5,是,否,,42892,0.045948,0.043751,
captcha_0206.jpg,75551,自適應色彩分離 + 逐字模板比對,5,是,否,,75551,0.064877,0.033909,
captcha_0207.jpg,29060,自適應色彩分離 + 逐字模板比對,5,是,否,,29060,0.035255,0.037316,
captcha_0208.jpg,69700,自適應色彩分離 + 逐字模板比對,5,是,否,,69700,0.033429,0.029091,
captcha_0209.jpg,65226,自適應色彩分離 + 逐字模板比對,5,是,是,候選字形分數接近,65226,0.004461,0.043085,
captcha_0210.jpg,72247,自適應色彩分離 + 逐字模板比對,5,是,否,,72247,0.089867,0.039486,
captcha_0211.jpg,59225,自適應色彩分離 + 逐字模板比對,5,是,否,,59225,0.053052,0.044922,
captcha_0212.jpg,72936,自適應色彩分離 + 逐字模板比對,5,是,否,,72936,0.028208,0.035897,
captcha_0213.jpg,91100,自適應色彩分離 + 逐字模板比對,5,是,否,,91100,0.038296,0.061612,
captcha_0214.jpg,08069,自適應色彩分離 + 逐字模板比對,5,是,否,,08069,0.036888,0.021091,
captcha_0215.jpg,34189,自適應色彩分離 + 逐字模板比對,5,是,否,,34189,0.035793,0.031653,
captcha_0216.jpg,46797,自適應色彩分離 + 逐字模板比對,5,是,否,,46797,0.041171,0.029312,
captcha_0217.jpg,76204,自適應色彩分離 + 逐字模板比對,5,是,否,,76204,0.038956,0.031373,
captcha_0218.jpg,00997,自適應色彩分離 + 逐字模板比對,5,是,否,,00997,0.049333,0.035294,
captcha_0219.jpg,93181,自適應色彩分離 + 逐字模板比對,5,是,否,,93181,0.021226,0.061242,
captcha_0220.jpg,91722,自適應色彩分離 + 逐字模板比對,5,是,否,,91722,0.061140,0.029338,
captcha_0221.jpg,98905,自適應色彩分離 + 逐字模板比對,5,是,否,,98905,0.030724,0.029553,
captcha_0222.jpg,65986,自適應色彩分離 + 逐字模板比對,5,是,否,,65986,0.026757,0.033697,
captcha_0223.jpg,69968,自適應色彩分離 + 逐字模板比對,5,是,否,,69968,0.029290,0.034847,
captcha_0224.jpg,95547,自適應色彩分離 + 逐字模板比對,5,是,否,,95547,0.031216,0.028040,
captcha_0225.jpg,31944,自適應色彩分離 + 逐字模板比對,5,是,否,,31944,0.049629,0.017648,
captcha_0226.jpg,96967,自適應色彩分離 + 逐字模板比對,5,是,否,,96967,0.027208,0.038467,
captcha_0227.jpg,82825,自適應色彩分離 + 逐字模板比對,5,是,否,,82825,0.049462,0.014482,
captcha_0228.jpg,15676,自適應色彩分離 + 逐字模板比對,5,是,否,,15676,0.029492,0.036111,
captcha_0229.jpg,12633,自適應色彩分離 + 逐字模板比對,5,是,否,,12633,0.054607,0.016941,
captcha_0230.jpg,01328,自適應色彩分離 + 逐字模板比對,5,是,否,,01328,0.021916,0.022735,
captcha_0231.jpg,71782,自適應色彩分離 + 逐字模板比對,5,是,否,,71782,0.039229,0.051202,
captcha_0232.jpg,75484,自適應色彩分離 + 逐字模板比對,5,是,否,,75484,0.023710,0.031114,
captcha_0233.jpg,60183,自適應色彩分離 + 逐字模板比對,5,是,否,,60183,0.034553,0.056744,
captcha_0234.jpg,57635,自適應色彩分離 + 逐字模板比對,5,是,否,,57635,0.047342,0.040606,
captcha_0235.jpg,83473,自適應色彩分離 + 逐字模板比對,5,是,否,,83473,0.044901,0.035334,
captcha_0236.jpg,73099,自適應色彩分離 + 逐字模板比對,5,是,否,,73099,0.040879,0.034075,
captcha_0237.jpg,24208,自適應色彩分離 + 逐字模板比對,5,是,否,,24208,0.023746,0.031721,
captcha_0238.jpg,23129,自適應色彩分離 + 逐字模板比對,5,是,否,,23129,0.027735,0.029733,
captcha_0239.jpg,17543,自適應色彩分離 + 逐字模板比對,5,是,否,,17543,0.065363,0.012193,
captcha_0240.jpg,83779,自適應色彩分離 + 逐字模板比對,5,是,是,候選字形分數接近,83779,0.014838,0.040614,
captcha_0241.jpg,64350,自適應色彩分離 + 逐字模板比對,5,是,否,,64350,0.051796,0.014648,
captcha_0242.jpg,95159,自適應色彩分離 + 逐字模板比對,5,是,否,,95159,0.050908,0.021466,
captcha_0243.jpg,53247,自適應色彩分離 + 逐字模板比對,5,是,否,,53247,0.066416,0.039237,
captcha_0244.jpg,48582,自適應色彩分離 + 逐字模板比對,5,是,否,,48582,0.044188,0.022043,
captcha_0245.jpg,46020,自適應色彩分離 + 逐字模板比對,5,是,否,,46020,0.044470,0.023136,
captcha_0246.jpg,44180,自適應色彩分離 + 逐字模板比對,5,是,否,,44180,0.020273,0.033637,
captcha_0247.jpg,99476,自適應色彩分離 + 逐字模板比對,5,是,否,,99476,0.038348,0.022021,
captcha_0248.jpg,07897,自適應色彩分離 + 逐字模板比對,5,是,否,,07897,0.028771,0.036712,
captcha_0249.jpg,60947,自適應色彩分離 + 逐字模板比對,5,是,是,灰度與二值版本結果不一致；候選字形分數接近,30947,0.003573,0.046505,
captcha_0250.jpg,31789,自適應色彩分離 + 逐字模板比對,5,是,否,,31789,0.026530,0.047221,
captcha_0251.jpg,93545,自適應色彩分離 + 逐字模板比對,5,是,否,,93545,0.034328,0.055958,
captcha_0252.jpg,92916,自適應色彩分離 + 逐字模板比對,5,是,否,,92916,0.024597,0.044397,
captcha_0253.jpg,26176,自適應色彩分離 + 逐字模板比對,5,是,是,候選字形分數接近,26176,0.019199,0.054318,
captcha_0254.jpg,87150,自適應色彩分離 + 逐字模板比對,5,是,否,,87150,0.047682,0.033510,
captcha_0255.jpg,99534,自適應色彩分離 + 逐字模板比對,5,是,否,,99534,0.051325,0.032798,
captcha_0256.jpg,76037,自適應色彩分離 + 逐字模板比對,5,是,否,,76037,0.044994,0.044818,
captcha_0257.jpg,80278,自適應色彩分離 + 逐字模板比對,5,是,是,候選字形分數接近,80278,0.018489,0.074450,
captcha_0258.jpg,56619,自適應色彩分離 + 逐字模板比對,5,是,否,,56619,0.041564,0.017742,
captcha_0259.jpg,84418,自適應色彩分離 + 逐字模板比對,5,是,否,,84418,0.044513,0.016221,
captcha_0260.jpg,71800,自適應色彩分離 + 逐字模板比對,5,是,否,,71800,0.020308,0.037193,
captcha_0261.jpg,76101,自適應色彩分離 + 逐字模板比對,5,是,否,,76101,0.037519,0.040844,
captcha_0262.jpg,26887,自適應色彩分離 + 逐字模板比對,5,是,否,,26887,0.029845,0.027358,
captcha_0263.jpg,35874,自適應色彩分離 + 逐字模板比對,5,是,否,,35874,0.041528,0.018384,
captcha_0264.jpg,96360,自適應色彩分離 + 逐字模板比對,5,是,是,候選字形分數接近,96360,0.010007,0.041154,
captcha_0265.jpg,03426,自適應色彩分離 + 逐字模板比對,5,是,否,,03426,0.027679,0.039912,
captcha_0266.jpg,78574,自適應色彩分離 + 逐字模板比對,5,是,是,候選字形分數接近,78574,0.019409,0.043603,
captcha_0267.jpg,47708,自適應色彩分離 + 逐字模板比對,5,是,否,,47708,0.035334,0.039951,
captcha_0268.jpg,53736,自適應色彩分離 + 逐字模板比對,5,是,否,,53736,0.022740,0.038354,
captcha_0269.jpg,48113,自適應色彩分離 + 逐字模板比對,5,是,否,,48113,0.043465,0.041061,
captcha_0270.jpg,91758,自適應色彩分離 + 逐字模板比對,5,是,否,,91758,0.050192,0.026686,
captcha_0271.jpg,37568,自適應色彩分離 + 逐字模板比對,5,是,否,,37568,0.042893,0.025029,
captcha_0272.jpg,05379,自適應色彩分離 + 逐字模板比對,5,是,是,灰度與二值版本結果不一致；候選字形分數接近,65379,0.000113,0.045552,
captcha_0273.jpg,36265,自適應色彩分離 + 逐字模板比對,5,是,否,,36265,0.037007,0.036934,
captcha_0274.jpg,79846,自適應色彩分離 + 逐字模板比對,5,是,是,候選字形分數接近,79846,0.019525,0.032556,
captcha_0275.jpg,80671,自適應色彩分離 + 逐字模板比對,5,是,否,,80671,0.053773,0.044110,
captcha_0276.jpg,95372,自適應色彩分離 + 逐字模板比對,5,是,否,,95372,0.058514,0.030863,
captcha_0277.jpg,51123,自適應色彩分離 + 逐字模板比對,5,是,否,,51123,0.046565,0.043889,
captcha_0278.jpg,26354,自適應色彩分離 + 逐字模板比對,5,是,否,,26354,0.052076,0.034933,
captcha_0279.jpg,30086,自適應色彩分離 + 逐字模板比對,5,是,否,,30086,0.027495,0.018760,
captcha_0280.jpg,86594,自適應色彩分離 + 逐字模板比對,5,是,否,,86594,0.039577,0.021025,
captcha_0281.jpg,69133,自適應色彩分離 + 逐字模板比對,5,是,否,,69133,0.043503,0.018450,
captcha_0282.jpg,24929,自適應色彩分離 + 逐字模板比對,5,是,否,,24929,0.051530,0.018264,
captcha_0283.jpg,08549,自適應色彩分離 + 逐字模板比對,5,是,是,灰度與二值版本結果不一致；候選字形分數接近,98549,0.001051,0.041329,
captcha_0284.jpg,85923,自適應色彩分離 + 逐字模板比對,5,是,否,,85923,0.039011,0.052969,
captcha_0285.jpg,41996,自適應色彩分離 + 逐字模板比對,5,是,否,,41996,0.045062,0.025826,
captcha_0286.jpg,61649,自適應色彩分離 + 逐字模板比對,5,是,否,,61649,0.039330,0.042081,
captcha_0287.jpg,94942,自適應色彩分離 + 逐字模板比對,5,是,否,,94942,0.038173,0.032744,
captcha_0288.jpg,18900,自適應色彩分離 + 逐字模板比對,5,是,否,,18900,0.020506,0.044337,
captcha_0289.jpg,19215,自適應色彩分離 + 逐字模板比對,5,是,是,候選字形分數接近,19215,0.014079,0.049946,
captcha_0290.jpg,11752,自適應色彩分離 + 逐字模板比對,5,是,否,,11752,0.063170,0.026007,
captcha_0291.jpg,93837,自適應色彩分離 + 逐字模板比對,5,是,否,,93837,0.043604,0.024649,
captcha_0292.jpg,07351,自適應色彩分離 + 逐字模板比對,5,是,否,,07351,0.049360,0.026792,
captcha_0293.jpg,26781,自適應色彩分離 + 逐字模板比對,5,是,是,候選字形分數接近,26781,0.015903,0.042091,
captcha_0294.jpg,04358,自適應色彩分離 + 逐字模板比對,5,是,否,,04358,0.026029,0.027776,
captcha_0295.jpg,12231,自適應色彩分離 + 逐字模板比對,5,是,否,,12231,0.051247,0.028783,
captcha_0296.jpg,48148,自適應色彩分離 + 逐字模板比對,5,是,是,候選字形分數接近,48148,0.013897,0.067018,
captcha_0297.jpg,03170,自適應色彩分離 + 逐字模板比對,5,是,否,,03170,0.042875,0.027920,
captcha_0298.jpg,71672,自適應色彩分離 + 逐字模板比對,5,是,否,,71672,0.035920,0.025346,
captcha_0299.jpg,67587,自適應色彩分離 + 逐字模板比對,5,是,否,,67587,0.045055,0.022827,
captcha_0300.jpg,99335,自適應色彩分離 + 逐字模板比對,5,是,否,,99335,0.054471,0.017820,
captcha_0301.jpg,10465,自適應色彩分離 + 逐字模板比對,5,是,否,,10465,0.033087,0.035851,
captcha_0302.jpg,15272,自適應色彩分離 + 逐字模板比對,5,是,否,,15272,0.061483,0.030062,
captcha_0303.jpg,98871,自適應色彩分離 + 逐字模板比對,5,是,是,候選字形分數接近,98871,0.001490,0.040377,
captcha_0304.jpg,37162,自適應色彩分離 + 逐字模板比對,5,是,否,,37162,0.033063,0.017300,
captcha_0305.jpg,97363,自適應色彩分離 + 逐字模板比對,5,是,是,候選字形分數接近,97363,0.000382,0.059397,
captcha_0306.jpg,93478,自適應色彩分離 + 逐字模板比對,5,是,否,,93478,0.023259,0.057106,
captcha_0307.jpg,69215,自適應色彩分離 + 逐字模板比對,5,是,否,,69215,0.042887,0.049710,
captcha_0308.jpg,73955,自適應色彩分離 + 逐字模板比對,5,是,否,,73955,0.051439,0.012213,
captcha_0309.jpg,19965,自適應色彩分離 + 逐字模板比對,5,是,否,,19965,0.035977,0.030365,
captcha_0310.jpg,99128,自適應色彩分離 + 逐字模板比對,5,是,否,,99128,0.031754,0.020928,
captcha_0311.jpg,95818,自適應色彩分離 + 逐字模板比對,5,是,否,,95818,0.044043,0.031077,
captcha_0312.jpg,70515,自適應色彩分離 + 逐字模板比對,5,是,否,,70515,0.044108,0.045952,
captcha_0313.jpg,28011,自適應色彩分離 + 逐字模板比對,5,是,否,,28011,0.024053,0.026145,
captcha_0314.jpg,50556,自適應色彩分離 + 逐字模板比對,5,是,否,,50556,0.026956,0.040315,
captcha_0315.jpg,33695,自適應色彩分離 + 逐字模板比對,5,是,否,,33695,0.035605,0.026727,
captcha_0316.jpg,00257,自適應色彩分離 + 逐字模板比對,5,是,否,,00257,0.032130,0.045732,
captcha_0317.jpg,26538,自適應色彩分離 + 逐字模板比對,5,是,否,,26538,0.031569,0.031500,
captcha_0318.jpg,46374,自適應色彩分離 + 逐字模板比對,5,是,否,,46374,0.039059,0.036713,
captcha_0319.jpg,12769,自適應色彩分離 + 逐字模板比對,5,是,否,,12769,0.043948,0.027665,
captcha_0320.jpg,22941,自適應色彩分離 + 逐字模板比對,5,是,否,,22941,0.065841,0.015434,
captcha_0321.jpg,05507,自適應色彩分離 + 逐字模板比對,5,是,否,,05507,0.032867,0.066756,
captcha_0322.jpg,01587,自適應色彩分離 + 逐字模板比對,5,是,否,,01587,0.026570,0.020082,
captcha_0323.jpg,21890,自適應色彩分離 + 逐字模板比對,5,是,否,,21890,0.032559,0.029699,
captcha_0324.jpg,32219,自適應色彩分離 + 逐字模板比對,5,是,否,,32219,0.038724,0.037422,
captcha_0325.jpg,13599,自適應色彩分離 + 逐字模板比對,5,是,否,,13599,0.035781,0.040654,
captcha_0326.jpg,56867,自適應色彩分離 + 逐字模板比對,5,是,是,候選字形分數接近,56867,0.018996,0.029792,
captcha_0327.jpg,96298,自適應色彩分離 + 逐字模板比對,5,是,否,,96298,0.029914,0.036010,
captcha_0328.jpg,37088,自適應色彩分離 + 逐字模板比對,5,是,否,,37088,0.025548,0.041929,
captcha_0329.jpg,28567,自適應色彩分離 + 逐字模板比對,5,是,否,,28567,0.032667,0.039988,
captcha_0330.jpg,48842,自適應色彩分離 + 逐字模板比對,5,是,否,,48842,0.026518,0.041689,
captcha_0331.jpg,68609,自適應色彩分離 + 逐字模板比對,5,是,否,,68609,0.022034,0.039108,
captcha_0332.jpg,37615,自適應色彩分離 + 逐字模板比對,5,是,否,,37615,0.043433,0.029986,
captcha_0333.jpg,84640,自適應色彩分離 + 逐字模板比對,5,是,否,,84640,0.034968,0.029223,
captcha_0334.jpg,94155,自適應色彩分離 + 逐字模板比對,5,是,否,,94155,0.048666,0.020542,
captcha_0335.jpg,25914,自適應色彩分離 + 逐字模板比對,5,是,否,,25914,0.039786,0.048531,
captcha_0336.jpg,26974,自適應色彩分離 + 逐字模板比對,5,是,否,,26974,0.044040,0.013696,
captcha_0337.jpg,85129,自適應色彩分離 + 逐字模板比對,5,是,否,,85129,0.051788,0.027740,
captcha_0338.jpg,15228,自適應色彩分離 + 逐字模板比對,5,是,是,候選字形分數接近,15228,0.017617,0.037468,
captcha_0339.jpg,45042,自適應色彩分離 + 逐字模板比對,5,是,否,,45042,0.050945,0.047052,
captcha_0340.jpg,48912,自適應色彩分離 + 逐字模板比對,5,是,否,,48912,0.036723,0.031358,
captcha_0341.jpg,74635,自適應色彩分離 + 逐字模板比對,5,是,否,,74635,0.040011,0.027908,
captcha_0342.jpg,06429,自適應色彩分離 + 逐字模板比對,5,是,否,,06429,0.050107,0.032692,
captcha_0343.jpg,15244,自適應色彩分離 + 逐字模板比對,5,是,否,,15244,0.086707,0.021916,
captcha_0344.jpg,09685,自適應色彩分離 + 逐字模板比對,5,是,否,,09685,0.027271,0.029676,
captcha_0345.jpg,60070,自適應色彩分離 + 逐字模板比對,5,是,否,,60070,0.023415,0.023896,
captcha_0346.jpg,18777,自適應色彩分離 + 逐字模板比對,5,是,否,,18777,0.041030,0.016557,
captcha_0347.jpg,85973,自適應色彩分離 + 逐字模板比對,5,是,否,,85973,0.043179,0.032637,
captcha_0348.jpg,31113,自適應色彩分離 + 逐字模板比對,5,是,否,,31113,0.050031,0.032340,
captcha_0349.jpg,40609,自適應色彩分離 + 逐字模板比對,5,是,否,,40609,0.039964,0.031002,
captcha_0350.jpg,98122,自適應色彩分離 + 逐字模板比對,5,是,否,,98122,0.032215,0.045059,
captcha_0351.jpg,97982,自適應色彩分離 + 逐字模板比對,5,是,否,,97982,0.025415,0.038776,
captcha_0352.jpg,28184,自適應色彩分離 + 逐字模板比對,5,是,否,,28184,0.042913,0.029452,
captcha_0353.jpg,36149,自適應色彩分離 + 逐字模板比對,5,是,否,,36149,0.038957,0.031852,
captcha_0354.jpg,64907,自適應色彩分離 + 逐字模板比對,5,是,否,,64907,0.037803,0.040600,
captcha_0355.jpg,80240,自適應色彩分離 + 逐字模板比對,5,是,否,,80240,0.029127,0.047495,
captcha_0356.jpg,78590,自適應色彩分離 + 逐字模板比對,5,是,否,,78590,0.040075,0.052750,
captcha_0357.jpg,48214,自適應色彩分離 + 逐字模板比對,5,是,否,,48214,0.041743,0.032601,
captcha_0358.jpg,53964,自適應色彩分離 + 逐字模板比對,5,是,是,候選字形分數接近,53964,0.019495,0.033430,
captcha_0359.jpg,02953,自適應色彩分離 + 逐字模板比對,5,是,否,,02953,0.037045,0.055916,
captcha_0360.jpg,24128,自適應色彩分離 + 逐字模板比對,5,是,是,候選字形分數接近,24128,0.017899,0.040987,
captcha_0361.jpg,39985,自適應色彩分離 + 逐字模板比對,5,是,否,,39985,0.040196,0.034655,
captcha_0362.jpg,94268,自適應色彩分離 + 逐字模板比對,5,是,否,,94268,0.029396,0.042708,
captcha_0363.jpg,26972,自適應色彩分離 + 逐字模板比對,5,是,否,,26972,0.050074,0.024769,
captcha_0364.jpg,92663,自適應色彩分離 + 逐字模板比對,5,是,否,,92663,0.047217,0.015678,
captcha_0365.jpg,38300,自適應色彩分離 + 逐字模板比對,5,是,是,灰度與二值版本結果不一致；候選字形分數接近,18300,0.001102,0.047907,
captcha_0366.jpg,80679,自適應色彩分離 + 逐字模板比對,5,是,否,,80679,0.039064,0.043317,
captcha_0367.jpg,61857,自適應色彩分離 + 逐字模板比對,5,是,否,,61857,0.031230,0.027078,
captcha_0368.jpg,17325,自適應色彩分離 + 逐字模板比對,5,是,否,,17325,0.041354,0.021923,
captcha_0369.jpg,18260,自適應色彩分離 + 逐字模板比對,5,是,否,,18260,0.026641,0.032206,
captcha_0370.jpg,58931,自適應色彩分離 + 逐字模板比對,5,是,否,,58931,0.053640,0.017166,
captcha_0371.jpg,01899,自適應色彩分離 + 逐字模板比對,5,是,否,,01899,0.046815,0.023007,
captcha_0372.jpg,13057,自適應色彩分離 + 逐字模板比對,5,是,否,,13057,0.038986,0.028779,
captcha_0373.jpg,91515,自適應色彩分離 + 逐字模板比對,5,是,否,,91515,0.052328,0.038782,
captcha_0374.jpg,67286,自適應色彩分離 + 逐字模板比對,5,是,否,,67286,0.037337,0.039921,
captcha_0375.jpg,94977,自適應色彩分離 + 逐字模板比對,5,是,否,,94977,0.039796,0.042809,
captcha_0376.jpg,33376,自適應色彩分離 + 逐字模板比對,5,是,否,,33376,0.034019,0.035235,
captcha_0377.jpg,89160,自適應色彩分離 + 逐字模板比對,5,是,否,,89160,0.034934,0.046922,
captcha_0378.jpg,26298,自適應色彩分離 + 逐字模板比對,5,是,否,,26298,0.025866,0.034310,
captcha_0379.jpg,04830,自適應色彩分離 + 逐字模板比對,5,是,是,候選字形分數接近,04830,0.014117,0.038248,
captcha_0380.jpg,26262,自適應色彩分離 + 逐字模板比對,5,是,否,,26262,0.042083,0.033091,
captcha_0381.jpg,22475,自適應色彩分離 + 逐字模板比對,5,是,否,,22475,0.038216,0.030955,
captcha_0382.jpg,02838,自適應色彩分離 + 逐字模板比對,5,是,否,,02838,0.032228,0.039228,
captcha_0383.jpg,77930,自適應色彩分離 + 逐字模板比對,5,是,否,,77930,0.037137,0.033235,
captcha_0384.jpg,83067,自適應色彩分離 + 逐字模板比對,5,是,否,,83067,0.050023,0.045838,
captcha_0385.jpg,66996,自適應色彩分離 + 逐字模板比對,5,是,否,,66996,0.025062,0.029410,
captcha_0386.jpg,65923,自適應色彩分離 + 逐字模板比對,5,是,否,,65923,0.036858,0.060827,
captcha_0387.jpg,39889,自適應色彩分離 + 逐字模板比對,5,是,是,候選字形分數接近,39889,0.015224,0.043958,
captcha_0388.jpg,05911,自適應色彩分離 + 逐字模板比對,5,是,否,,05911,0.041321,0.017312,
captcha_0389.jpg,30441,自適應色彩分離 + 逐字模板比對,5,是,否,,30441,0.048757,0.021921,
captcha_0390.jpg,92352,自適應色彩分離 + 逐字模板比對,5,是,否,,92352,0.053994,0.031972,
captcha_0391.jpg,54415,自適應色彩分離 + 逐字模板比對,5,是,否,,54415,0.057821,0.038609,
captcha_0392.jpg,08425,自適應色彩分離 + 逐字模板比對,5,是,否,,08425,0.040606,0.052977,
captcha_0393.jpg,87746,自適應色彩分離 + 逐字模板比對,5,是,否,,87746,0.032400,0.046886,
captcha_0394.jpg,22181,自適應色彩分離 + 逐字模板比對,5,是,否,,22181,0.030915,0.036277,
captcha_0395.jpg,28329,自適應色彩分離 + 逐字模板比對,5,是,是,候選字形分數接近,28329,0.017840,0.038545,
captcha_0396.jpg,53351,自適應色彩分離 + 逐字模板比對,5,是,否,,53351,0.048182,0.029212,
captcha_0397.jpg,62909,自適應色彩分離 + 逐字模板比對,5,是,否,,62909,0.042098,0.016229,
captcha_0398.jpg,75005,自適應色彩分離 + 逐字模板比對,5,是,否,,75005,0.033937,0.024698,
captcha_0399.jpg,54066,自適應色彩分離 + 逐字模板比對,5,是,否,,54066,0.037179,0.039859,
captcha_0400.jpg,30058,自適應色彩分離 + 逐字模板比對,5,是,否,,30058,0.029462,0.047240,
captcha_0401.jpg,78498,自適應色彩分離 + 逐字模板比對,5,是,否,,78498,0.044494,0.023265,
captcha_0402.jpg,60671,自適應色彩分離 + 逐字模板比對,5,是,否,,60671,0.033765,0.031211,
captcha_0403.jpg,50474,自適應色彩分離 + 逐字模板比對,5,是,是,灰度與二值版本結果不一致；候選字形分數接近,39474,0.000499,0.050320,
captcha_0404.jpg,33433,自適應色彩分離 + 逐字模板比對,5,是,否,,33433,0.051350,0.031206,
captcha_0405.jpg,71751,自適應色彩分離 + 逐字模板比對,5,是,否,,71751,0.058309,0.015349,
captcha_0406.jpg,39493,自適應色彩分離 + 逐字模板比對,5,是,否,,39493,0.051761,0.051981,
captcha_0407.jpg,71233,自適應色彩分離 + 逐字模板比對,5,是,否,,71233,0.058165,0.021650,
captcha_0408.jpg,17542,自適應色彩分離 + 逐字模板比對,5,是,否,,17542,0.079562,0.047209,
captcha_0409.jpg,90655,自適應色彩分離 + 逐字模板比對,5,是,否,,90655,0.046652,0.032759,
captcha_0410.jpg,98629,自適應色彩分離 + 逐字模板比對,5,是,否,,98629,0.034535,0.036216,
captcha_0411.jpg,14070,自適應色彩分離 + 逐字模板比對,5,是,否,,14070,0.035997,0.025822,
captcha_0412.jpg,19967,自適應色彩分離 + 逐字模板比對,5,是,是,候選字形分數接近,19967,0.017596,0.052085,
captcha_0413.jpg,84702,自適應色彩分離 + 逐字模板比對,5,是,否,,84702,0.043210,0.053589,
captcha_0414.jpg,68204,自適應色彩分離 + 逐字模板比對,5,是,否,,68204,0.026921,0.032960,
captcha_0415.jpg,68498,自適應色彩分離 + 逐字模板比對,5,是,是,候選字形分數接近,68498,0.019556,0.050326,
captcha_0416.jpg,13072,自適應色彩分離 + 逐字模板比對,5,是,否,,13072,0.054892,0.019371,
captcha_0417.jpg,17425,自適應色彩分離 + 逐字模板比對,5,是,否,,17425,0.045010,0.030802,
captcha_0418.jpg,10722,自適應色彩分離 + 逐字模板比對,5,是,否,,10722,0.055991,0.041577,
captcha_0419.jpg,22901,自適應色彩分離 + 逐字模板比對,5,是,否,,22901,0.030934,0.032646,
captcha_0420.jpg,22566,自適應色彩分離 + 逐字模板比對,5,是,是,候選字形分數接近,22566,0.018503,0.040482,
captcha_0421.jpg,86217,自適應色彩分離 + 逐字模板比對,5,是,否,,86217,0.032668,0.028722,
captcha_0422.jpg,42632,自適應色彩分離 + 逐字模板比對,5,是,否,,42632,0.035578,0.021498,
captcha_0423.jpg,22687,自適應色彩分離 + 逐字模板比對,5,是,否,,22687,0.023778,0.045378,
captcha_0424.jpg,05021,自適應色彩分離 + 逐字模板比對,5,是,是,候選字形分數接近,05021,0.019147,0.041571,
captcha_0425.jpg,56836,自適應色彩分離 + 逐字模板比對,5,是,否,,56836,0.025194,0.024002,
captcha_0426.jpg,94960,自適應色彩分離 + 逐字模板比對,5,是,否,,94960,0.049209,0.018686,
captcha_0427.jpg,59288,自適應色彩分離 + 逐字模板比對,5,是,是,候選字形分數接近,59288,0.013169,0.035129,
captcha_0428.jpg,61888,自適應色彩分離 + 逐字模板比對,5,是,否,,61888,0.037109,0.018923,
captcha_0429.jpg,32446,自適應色彩分離 + 逐字模板比對,5,是,否,,32446,0.044282,0.039837,
captcha_0430.jpg,11262,自適應色彩分離 + 逐字模板比對,5,是,否,,11262,0.038809,0.032210,
captcha_0431.jpg,01659,自適應色彩分離 + 逐字模板比對,5,是,否,,01659,0.031905,0.045741,
captcha_0432.jpg,37037,自適應色彩分離 + 逐字模板比對,5,是,否,,37037,0.035927,0.019440,
captcha_0433.jpg,70518,自適應色彩分離 + 逐字模板比對,5,是,是,候選字形分數接近,70518,0.013655,0.033156,
captcha_0434.jpg,58700,自適應色彩分離 + 逐字模板比對,5,是,是,候選字形分數接近,58700,0.008032,0.050429,
captcha_0435.jpg,80053,自適應色彩分離 + 逐字模板比對,5,是,否,,80053,0.035708,0.067174,
captcha_0436.jpg,85293,自適應色彩分離 + 逐字模板比對,5,是,否,,85293,0.040370,0.026438,
captcha_0437.jpg,13978,自適應色彩分離 + 逐字模板比對,5,是,否,,13978,0.021220,0.027315,
captcha_0438.jpg,62383,自適應色彩分離 + 逐字模板比對,5,是,是,候選字形分數接近,62383,0.016253,0.051748,
captcha_0439.jpg,14940,自適應色彩分離 + 逐字模板比對,5,是,否,,14940,0.051401,0.021271,
captcha_0440.jpg,86490,自適應色彩分離 + 逐字模板比對,5,是,否,,86490,0.042412,0.022361,
captcha_0441.jpg,13274,自適應色彩分離 + 逐字模板比對,5,是,否,,13274,0.042609,0.029677,
captcha_0442.jpg,63759,自適應色彩分離 + 逐字模板比對,5,是,否,,63759,0.031467,0.032211,
captcha_0443.jpg,95824,自適應色彩分離 + 逐字模板比對,5,是,否,,95824,0.038234,0.052218,
captcha_0444.jpg,87621,自適應色彩分離 + 逐字模板比對,5,是,是,候選字形分數接近,87621,0.019731,0.047485,
captcha_0445.jpg,92577,自適應色彩分離 + 逐字模板比對,5,是,否,,92577,0.059109,0.019923,
captcha_0446.jpg,48578,自適應色彩分離 + 逐字模板比對,5,是,否,,48578,0.025898,0.029824,
captcha_0447.jpg,38955,自適應色彩分離 + 逐字模板比對,5,是,否,,38955,0.033060,0.040959,
captcha_0448.jpg,91039,自適應色彩分離 + 逐字模板比對,5,是,否,,91039,0.023770,0.056177,
captcha_0449.jpg,50266,自適應色彩分離 + 逐字模板比對,5,是,否,,50266,0.047033,0.017117,
captcha_0450.jpg,40785,自適應色彩分離 + 逐字模板比對,5,是,否,,40785,0.031607,0.036261,
captcha_0451.jpg,73914,自適應色彩分離 + 逐字模板比對,5,是,否,,73914,0.054191,0.025438,
captcha_0452.jpg,63400,自適應色彩分離 + 逐字模板比對,5,是,否,,63400,0.041743,0.035731,
captcha_0453.jpg,89387,自適應色彩分離 + 逐字模板比對,5,是,否,,89387,0.040196,0.043737,
captcha_0454.jpg,53469,自適應色彩分離 + 逐字模板比對,5,是,否,,53469,0.033479,0.027704,
captcha_0455.jpg,62644,自適應色彩分離 + 逐字模板比對,5,是,否,,62644,0.059240,0.055858,
captcha_0456.jpg,30743,自適應色彩分離 + 逐字模板比對,5,是,否,,30743,0.035955,0.033398,
captcha_0457.jpg,78639,自適應色彩分離 + 逐字模板比對,5,是,否,,78639,0.030762,0.033688,
captcha_0458.jpg,89210,自適應色彩分離 + 逐字模板比對,5,是,否,,89210,0.032032,0.027372,
captcha_0459.jpg,91253,自適應色彩分離 + 逐字模板比對,5,是,否,,91253,0.055612,0.035893,
captcha_0460.jpg,37321,自適應色彩分離 + 逐字模板比對,5,是,否,,37321,0.039494,0.043578,
captcha_0461.jpg,65391,自適應色彩分離 + 逐字模板比對,5,是,否,,65391,0.054731,0.052230,
captcha_0462.jpg,50318,自適應色彩分離 + 逐字模板比對,5,是,否,,50318,0.024911,0.041435,
captcha_0463.jpg,77958,自適應色彩分離 + 逐字模板比對,5,是,否,,77958,0.047501,0.027594,
captcha_0464.jpg,52975,自適應色彩分離 + 逐字模板比對,5,是,否,,52975,0.055841,0.033496,
captcha_0465.jpg,62905,自適應色彩分離 + 逐字模板比對,5,是,否,,62905,0.033439,0.047160,
captcha_0466.jpg,55692,自適應色彩分離 + 逐字模板比對,5,是,否,,55692,0.022618,0.047458,
captcha_0467.jpg,20688,自適應色彩分離 + 逐字模板比對,5,是,否,,20688,0.025127,0.047990,
captcha_0468.jpg,10829,自適應色彩分離 + 逐字模板比對,5,是,是,候選字形分數接近,10829,0.019646,0.029011,
captcha_0469.jpg,04354,自適應色彩分離 + 逐字模板比對,5,是,是,灰度與二值版本結果不一致；候選字形分數接近,94354,0.004619,0.039505,
captcha_0470.jpg,44462,自適應色彩分離 + 逐字模板比對,5,是,是,候選字形分數接近,44462,0.016224,0.039847,
captcha_0471.jpg,23471,自適應色彩分離 + 逐字模板比對,5,是,否,,23471,0.043694,0.027743,
captcha_0472.jpg,13866,自適應色彩分離 + 逐字模板比對,5,是,是,候選字形分數接近,13866,0.018442,0.032868,
captcha_0473.jpg,08104,自適應色彩分離 + 逐字模板比對,5,是,否,,08104,0.036195,0.052649,
captcha_0474.jpg,12482,自適應色彩分離 + 逐字模板比對,5,是,否,,12482,0.048506,0.043859,
captcha_0475.jpg,39433,自適應色彩分離 + 逐字模板比對,5,是,否,,39433,0.036906,0.032453,
captcha_0476.jpg,91500,自適應色彩分離 + 逐字模板比對,5,是,否,,91500,0.031315,0.042169,
captcha_0477.jpg,22903,自適應色彩分離 + 逐字模板比對,5,是,否,,22903,0.029233,0.027638,
captcha_0478.jpg,95365,自適應色彩分離 + 逐字模板比對,5,是,否,,95365,0.040341,0.030320,
captcha_0479.jpg,77724,自適應色彩分離 + 逐字模板比對,5,是,否,,77724,0.030386,0.034805,
captcha_0480.jpg,01606,自適應色彩分離 + 逐字模板比對,5,是,否,,01606,0.035748,0.034082,
captcha_0481.jpg,17954,自適應色彩分離 + 逐字模板比對,5,是,否,,17954,0.020298,0.030766,
captcha_0482.jpg,44273,自適應色彩分離 + 逐字模板比對,5,是,否,,44273,0.031314,0.032353,
captcha_0483.jpg,38039,自適應色彩分離 + 逐字模板比對,5,是,否,,38039,0.038629,0.022103,
captcha_0484.jpg,68070,自適應色彩分離 + 逐字模板比對,5,是,是,候選字形分數接近,68070,0.005667,0.043312,
captcha_0485.jpg,60630,自適應色彩分離 + 逐字模板比對,5,是,否,,60630,0.047372,0.021426,
captcha_0486.jpg,75134,自適應色彩分離 + 逐字模板比對,5,是,否,,75134,0.043673,0.032076,
captcha_0487.jpg,64836,自適應色彩分離 + 逐字模板比對,5,是,否,,64836,0.028362,0.033703,
captcha_0488.jpg,41806,自適應色彩分離 + 逐字模板比對,5,是,否,,41806,0.042568,0.028866,
captcha_0489.jpg,19882,自適應色彩分離 + 逐字模板比對,5,是,是,候選字形分數接近,19882,0.019777,0.028364,
captcha_0490.jpg,98392,自適應色彩分離 + 逐字模板比對,5,是,否,,98392,0.026017,0.033009,
captcha_0491.jpg,50623,自適應色彩分離 + 逐字模板比對,5,是,否,,50623,0.048828,0.047367,
captcha_0492.jpg,62733,自適應色彩分離 + 逐字模板比對,5,是,否,,62733,0.041241,0.030914,
captcha_0493.jpg,35839,自適應色彩分離 + 逐字模板比對,5,是,否,,35839,0.022439,0.041035,
captcha_0494.jpg,50921,自適應色彩分離 + 逐字模板比對,5,是,否,,50921,0.035037,0.028201,
captcha_0495.jpg,10853,自適應色彩分離 + 逐字模板比對,5,是,否,,10853,0.040185,0.048867,
captcha_0496.jpg,33809,自適應色彩分離 + 逐字模板比對,5,是,否,,33809,0.047150,0.049370,
captcha_0497.jpg,48278,自適應色彩分離 + 逐字模板比對,5,是,否,,48278,0.026520,0.031685,
captcha_0498.jpg,07948,自適應色彩分離 + 逐字模板比對,5,是,否,,07948,0.026046,0.037274,
captcha_0499.jpg,58198,自適應色彩分離 + 逐字模板比對,5,是,否,,58198,0.023816,0.040777,
captcha_0500.jpg,12394,自適應色彩分離 + 逐字模板比對,5,是,否,,12394,0.048559,0.022410,
captcha_0501.jpg,86936,自適應色彩分離 + 逐字模板比對,5,是,否,,86936,0.029937,0.029120,
captcha_0502.jpg,83151,自適應色彩分離 + 逐字模板比對,5,是,否,,83151,0.028652,0.027658,
captcha_0503.jpg,60544,自適應色彩分離 + 逐字模板比對,5,是,否,,60544,0.026704,0.068950,
captcha_0504.jpg,23855,自適應色彩分離 + 逐字模板比對,5,是,否,,23855,0.028592,0.054115,
captcha_0505.jpg,25788,自適應色彩分離 + 逐字模板比對,5,是,是,候選字形分數接近,25788,0.016356,0.040423,
captcha_0506.jpg,51706,自適應色彩分離 + 逐字模板比對,5,是,否,,51706,0.024529,0.035587,
captcha_0507.jpg,75145,自適應色彩分離 + 逐字模板比對,5,是,否,,75145,0.052802,0.027637,
captcha_0508.jpg,50467,自適應色彩分離 + 逐字模板比對,5,是,否,,50467,0.051878,0.028620,
captcha_0509.jpg,46735,自適應色彩分離 + 逐字模板比對,5,是,否,,46735,0.043986,0.025611,
captcha_0510.jpg,65978,自適應色彩分離 + 逐字模板比對,5,是,否,,65978,0.032587,0.026036,
captcha_0511.jpg,27039,自適應色彩分離 + 逐字模板比對,5,是,否,,27039,0.030056,0.029407,
captcha_0512.jpg,07952,自適應色彩分離 + 逐字模板比對,5,是,否,,07952,0.062496,0.039779,
captcha_0513.jpg,31180,自適應色彩分離 + 逐字模板比對,5,是,否,,31180,0.031622,0.028832,
captcha_0514.jpg,55514,自適應色彩分離 + 逐字模板比對,5,是,否,,55514,0.071475,0.023842,
captcha_0515.jpg,10632,自適應色彩分離 + 逐字模板比對,5,是,否,,10632,0.043759,0.037460,
captcha_0516.jpg,66175,自適應色彩分離 + 逐字模板比對,5,是,否,,66175,0.054251,0.041316,
captcha_0517.jpg,43222,自適應色彩分離 + 逐字模板比對,5,是,否,,43222,0.048461,0.025186,
captcha_0518.jpg,24996,自適應色彩分離 + 逐字模板比對,5,是,否,,24996,0.052853,0.021556,
captcha_0519.jpg,99516,自適應色彩分離 + 逐字模板比對,5,是,否,,99516,0.026408,0.028226,
captcha_0520.jpg,20092,自適應色彩分離 + 逐字模板比對,5,是,否,,20092,0.043824,0.020963,
captcha_0521.jpg,72600,自適應色彩分離 + 逐字模板比對,5,是,否,,72600,0.029016,0.026428,
captcha_0522.jpg,99756,自適應色彩分離 + 逐字模板比對,5,是,否,,99756,0.043146,0.022985,
captcha_0523.jpg,59058,自適應色彩分離 + 逐字模板比對,5,是,否,,59058,0.051125,0.027119,
captcha_0524.jpg,25845,自適應色彩分離 + 逐字模板比對,5,是,否,,25845,0.038225,0.044650,
captcha_0525.jpg,21910,自適應色彩分離 + 逐字模板比對,5,是,否,,21910,0.024778,0.045260,
captcha_0526.jpg,01074,自適應色彩分離 + 逐字模板比對,5,是,否,,01074,0.046099,0.026779,
captcha_0527.jpg,63204,自適應色彩分離 + 逐字模板比對,5,是,否,,63204,0.043241,0.031508,
captcha_0528.jpg,90438,自適應色彩分離 + 逐字模板比對,5,是,否,,90438,0.023192,0.036328,
captcha_0529.jpg,08976,自適應色彩分離 + 逐字模板比對,5,是,否,,08976,0.031678,0.035342,
captcha_0530.jpg,14836,自適應色彩分離 + 逐字模板比對,5,是,否,,14836,0.029293,0.022326,
captcha_0531.jpg,41364,自適應色彩分離 + 逐字模板比對,5,是,否,,41364,0.034531,0.046674,
captcha_0532.jpg,92910,自適應色彩分離 + 逐字模板比對,5,是,否,,92910,0.025148,0.026153,
captcha_0533.jpg,56030,自適應色彩分離 + 逐字模板比對,5,是,否,,56030,0.036580,0.036710,
captcha_0534.jpg,30275,自適應色彩分離 + 逐字模板比對,5,是,否,,30275,0.043614,0.041419,
captcha_0535.jpg,78076,自適應色彩分離 + 逐字模板比對,5,是,否,,78076,0.045303,0.028594,
captcha_0536.jpg,58978,自適應色彩分離 + 逐字模板比對,5,是,否,,58978,0.026144,0.039165,
captcha_0537.jpg,12084,自適應色彩分離 + 逐字模板比對,5,是,否,,12084,0.020733,0.035985,
captcha_0538.jpg,80555,自適應色彩分離 + 逐字模板比對,5,是,否,,80555,0.023137,0.030677,
captcha_0539.jpg,28511,自適應色彩分離 + 逐字模板比對,5,是,否,,28511,0.027663,0.025639,
captcha_0540.jpg,49981,自適應色彩分離 + 逐字模板比對,5,是,否,,49981,0.043059,0.019634,
captcha_0541.jpg,54797,自適應色彩分離 + 逐字模板比對,5,是,否,,54797,0.053258,0.023903,
captcha_0542.jpg,53887,自適應色彩分離 + 逐字模板比對,5,是,否,,53887,0.041165,0.024296,
captcha_0543.jpg,43708,自適應色彩分離 + 逐字模板比對,5,是,否,,43708,0.025818,0.026365,
captcha_0544.jpg,88777,自適應色彩分離 + 逐字模板比對,5,是,否,,88777,0.037886,0.036486,
captcha_0545.jpg,30612,自適應色彩分離 + 逐字模板比對,5,是,否,,30612,0.033744,0.049969,
captcha_0546.jpg,66856,自適應色彩分離 + 逐字模板比對,5,是,否,,66856,0.036588,0.017437,
captcha_0547.jpg,10448,自適應色彩分離 + 逐字模板比對,5,是,否,,10448,0.024206,0.036650,
captcha_0548.jpg,21098,自適應色彩分離 + 逐字模板比對,5,是,否,,21098,0.027610,0.037881,
captcha_0549.jpg,81215,自適應色彩分離 + 逐字模板比對,5,是,否,,81215,0.042828,0.024029,
captcha_0550.jpg,03182,自適應色彩分離 + 逐字模板比對,5,是,否,,03182,0.042072,0.051118,
captcha_0551.jpg,24765,自適應色彩分離 + 逐字模板比對,5,是,否,,24765,0.044318,0.020732,
captcha_0552.jpg,55962,自適應色彩分離 + 逐字模板比對,5,是,否,,55962,0.027337,0.037151,
captcha_0553.jpg,78162,自適應色彩分離 + 逐字模板比對,5,是,否,,78162,0.036903,0.038707,
captcha_0554.jpg,92319,自適應色彩分離 + 逐字模板比對,5,是,否,,92319,0.030102,0.039347,
captcha_0555.jpg,29271,自適應色彩分離 + 逐字模板比對,5,是,否,,29271,0.057068,0.029648,
captcha_0556.jpg,41711,自適應色彩分離 + 逐字模板比對,5,是,否,,41711,0.093545,0.036620,
captcha_0557.jpg,20890,自適應色彩分離 + 逐字模板比對,5,是,否,,20890,0.025197,0.035807,
captcha_0558.jpg,95097,自適應色彩分離 + 逐字模板比對,5,是,否,,95097,0.020391,0.052655,
captcha_0559.jpg,09959,自適應色彩分離 + 逐字模板比對,5,是,否,,09959,0.043472,0.019592,
captcha_0560.jpg,53358,自適應色彩分離 + 逐字模板比對,5,是,否,,53358,0.022477,0.027765,
captcha_0561.jpg,73964,自適應色彩分離 + 逐字模板比對,5,是,否,,73964,0.047000,0.044388,
captcha_0562.jpg,58664,自適應色彩分離 + 逐字模板比對,5,是,否,,58664,0.043971,0.042477,
captcha_0563.jpg,94130,自適應色彩分離 + 逐字模板比對,5,是,否,,94130,0.046192,0.049383,
captcha_0564.jpg,54596,自適應色彩分離 + 逐字模板比對,5,是,是,候選字形分數接近,54596,0.018937,0.037767,
captcha_0565.jpg,97830,自適應色彩分離 + 逐字模板比對,5,是,否,,97830,0.026294,0.024203,
captcha_0566.jpg,06960,自適應色彩分離 + 逐字模板比對,5,是,否,,06960,0.036925,0.045529,
captcha_0567.jpg,43832,自適應色彩分離 + 逐字模板比對,5,是,是,候選字形分數接近,43832,0.013299,0.045644,
captcha_0568.jpg,31907,自適應色彩分離 + 逐字模板比對,5,是,否,,31907,0.052441,0.032482,
captcha_0569.jpg,46716,自適應色彩分離 + 逐字模板比對,5,是,否,,46716,0.025388,0.033717,
captcha_0570.jpg,37092,自適應色彩分離 + 逐字模板比對,5,是,是,灰度與二值版本結果不一致；候選字形分數接近,57992,0.001415,0.043468,
captcha_0571.jpg,69545,自適應色彩分離 + 逐字模板比對,5,是,否,,69545,0.047330,0.029470,
captcha_0572.jpg,85665,自適應色彩分離 + 逐字模板比對,5,是,否,,85665,0.030424,0.050522,
captcha_0573.jpg,99341,自適應色彩分離 + 逐字模板比對,5,是,否,,99341,0.045108,0.016648,
captcha_0574.jpg,81658,自適應色彩分離 + 逐字模板比對,5,是,否,,81658,0.026737,0.044519,
captcha_0575.jpg,23591,自適應色彩分離 + 逐字模板比對,5,是,否,,23591,0.056485,0.018202,
captcha_0576.jpg,55442,自適應色彩分離 + 逐字模板比對,5,是,否,,55442,0.072793,0.032442,
captcha_0577.jpg,83851,自適應色彩分離 + 逐字模板比對,5,是,否,,83851,0.041348,0.023742,
captcha_0578.jpg,88526,自適應色彩分離 + 逐字模板比對,5,是,否,,88526,0.021395,0.064894,
captcha_0579.jpg,92868,自適應色彩分離 + 逐字模板比對,5,是,否,,92868,0.023265,0.027775,
captcha_0580.jpg,44611,自適應色彩分離 + 逐字模板比對,5,是,否,,44611,0.052694,0.036829,
captcha_0581.jpg,49757,自適應色彩分離 + 逐字模板比對,5,是,否,,49757,0.068515,0.029850,
captcha_0582.jpg,18422,自適應色彩分離 + 逐字模板比對,5,是,否,,18422,0.035277,0.030855,
captcha_0583.jpg,76535,自適應色彩分離 + 逐字模板比對,5,是,否,,76535,0.040624,0.019920,
captcha_0584.jpg,03693,自適應色彩分離 + 逐字模板比對,5,是,否,,03693,0.040256,0.042099,
captcha_0585.jpg,69422,自適應色彩分離 + 逐字模板比對,5,是,否,,69422,0.064876,0.035539,
captcha_0586.jpg,72384,自適應色彩分離 + 逐字模板比對,5,是,否,,72384,0.024199,0.040419,
captcha_0587.jpg,88923,自適應色彩分離 + 逐字模板比對,5,是,否,,88923,0.020921,0.040373,
captcha_0588.jpg,23958,自適應色彩分離 + 逐字模板比對,5,是,否,,23958,0.043730,0.019095,
captcha_0589.jpg,89364,自適應色彩分離 + 逐字模板比對,5,是,否,,89364,0.036127,0.047692,
captcha_0590.jpg,22480,自適應色彩分離 + 逐字模板比對,5,是,否,,22480,0.033056,0.037012,
captcha_0591.jpg,29519,自適應色彩分離 + 逐字模板比對,5,是,是,候選字形分數接近,29519,0.013669,0.050756,
captcha_0592.jpg,86942,自適應色彩分離 + 逐字模板比對,5,是,否,,86942,0.047450,0.044415,
captcha_0593.jpg,02243,自適應色彩分離 + 逐字模板比對,5,是,否,,02243,0.040431,0.027908,
captcha_0594.jpg,97446,自適應色彩分離 + 逐字模板比對,5,是,否,,97446,0.028539,0.035120,
captcha_0595.jpg,62627,自適應色彩分離 + 逐字模板比對,5,是,否,,62627,0.040109,0.028382,
captcha_0596.jpg,50241,自適應色彩分離 + 逐字模板比對,5,是,否,,50241,0.043773,0.049114,
captcha_0597.jpg,45606,自適應色彩分離 + 逐字模板比對,5,是,否,,45606,0.023613,0.038285,
captcha_0598.jpg,09507,自適應色彩分離 + 逐字模板比對,5,是,否,,09507,0.041743,0.042117,
captcha_0599.jpg,11559,自適應色彩分離 + 逐字模板比對,5,是,否,,11559,0.030052,0.036448,
captcha_0600.jpg,18280,自適應色彩分離 + 逐字模板比對,5,是,否,,18280,0.047225,0.025006,
captcha_0601.jpg,90807,自適應色彩分離 + 逐字模板比對,5,是,否,,90807,0.032157,0.047486,
captcha_0602.jpg,87139,自適應色彩分離 + 逐字模板比對,5,是,否,,87139,0.028060,0.046674,
captcha_0603.jpg,20851,自適應色彩分離 + 逐字模板比對,5,是,否,,20851,0.043540,0.053471,
captcha_0604.jpg,68243,自適應色彩分離 + 逐字模板比對,5,是,是,候選字形分數接近,68243,0.006305,0.040941,
captcha_0605.jpg,35108,自適應色彩分離 + 逐字模板比對,5,是,否,,35108,0.031741,0.036535,
captcha_0606.jpg,52931,自適應色彩分離 + 逐字模板比對,5,是,否,,52931,0.047020,0.032473,
captcha_0607.jpg,22067,自適應色彩分離 + 逐字模板比對,5,是,否,,22067,0.039272,0.035743,
captcha_0608.jpg,38056,自適應色彩分離 + 逐字模板比對,5,是,否,,38056,0.043767,0.016899,
captcha_0609.jpg,44356,自適應色彩分離 + 逐字模板比對,5,是,否,,44356,0.024707,0.042194,
captcha_0610.jpg,98316,自適應色彩分離 + 逐字模板比對,5,是,是,候選字形分數接近,98316,0.019829,0.027848,
captcha_0611.jpg,14494,自適應色彩分離 + 逐字模板比對,5,是,否,,14494,0.053494,0.042701,
captcha_0612.jpg,22003,自適應色彩分離 + 逐字模板比對,5,是,否,,22003,0.025869,0.053934,
captcha_0613.jpg,86342,自適應色彩分離 + 逐字模板比對,5,是,否,,86342,0.032878,0.026982,
captcha_0614.jpg,89143,自適應色彩分離 + 逐字模板比對,5,是,否,,89143,0.043113,0.027345,
captcha_0615.jpg,01515,自適應色彩分離 + 逐字模板比對,5,是,否,,01515,0.048794,0.020027,
captcha_0616.jpg,19696,自適應色彩分離 + 逐字模板比對,5,是,否,,19696,0.022355,0.036619,
captcha_0617.jpg,21486,自適應色彩分離 + 逐字模板比對,5,是,否,,21486,0.032246,0.037625,
captcha_0618.jpg,10653,自適應色彩分離 + 逐字模板比對,5,是,否,,10653,0.043888,0.037054,
captcha_0619.jpg,60467,自適應色彩分離 + 逐字模板比對,5,是,否,,60467,0.035007,0.020408,
captcha_0620.jpg,25532,自適應色彩分離 + 逐字模板比對,5,是,否,,25532,0.057431,0.020130,
captcha_0621.jpg,86575,自適應色彩分離 + 逐字模板比對,5,是,否,,86575,0.036621,0.022488,
captcha_0622.jpg,33496,自適應色彩分離 + 逐字模板比對,5,是,否,,33496,0.028392,0.041463,
captcha_0623.jpg,49873,自適應色彩分離 + 逐字模板比對,5,是,否,,49873,0.036997,0.022591,
captcha_0624.jpg,41432,自適應色彩分離 + 逐字模板比對,5,是,否,,41432,0.053232,0.026857,
captcha_0625.jpg,31591,自適應色彩分離 + 逐字模板比對,5,是,否,,31591,0.050740,0.036474,
captcha_0626.jpg,93779,自適應色彩分離 + 逐字模板比對,5,是,否,,93779,0.041478,0.036349,
captcha_0627.jpg,05273,自適應色彩分離 + 逐字模板比對,5,是,否,,05273,0.039182,0.047725,
captcha_0628.jpg,30171,自適應色彩分離 + 逐字模板比對,5,是,否,,30171,0.037870,0.031655,
captcha_0629.jpg,70926,自適應色彩分離 + 逐字模板比對,5,是,否,,70926,0.038655,0.041595,
captcha_0630.jpg,67002,自適應色彩分離 + 逐字模板比對,5,是,是,候選字形分數接近,67002,0.013157,0.033165,
captcha_0631.jpg,12057,自適應色彩分離 + 逐字模板比對,5,是,否,,12057,0.038652,0.028447,
captcha_0632.jpg,94948,自適應色彩分離 + 逐字模板比對,5,是,是,候選字形分數接近,94948,0.018636,0.043963,
captcha_0633.jpg,24228,自適應色彩分離 + 逐字模板比對,5,是,否,,24228,0.020411,0.027074,
captcha_0634.jpg,80209,自適應色彩分離 + 逐字模板比對,5,是,否,,80209,0.036522,0.048691,
captcha_0635.jpg,50860,自適應色彩分離 + 逐字模板比對,5,是,否,,50860,0.022192,0.041584,
captcha_0636.jpg,08095,自適應色彩分離 + 逐字模板比對,5,是,否,,08095,0.045511,0.050288,
captcha_0637.jpg,51489,自適應色彩分離 + 逐字模板比對,5,是,否,,51489,0.021760,0.040342,
captcha_0638.jpg,35623,自適應色彩分離 + 逐字模板比對,5,是,否,,35623,0.045202,0.028831,
captcha_0639.jpg,47742,自適應色彩分離 + 逐字模板比對,5,是,否,,47742,0.065673,0.030501,
captcha_0640.jpg,43045,自適應色彩分離 + 逐字模板比對,5,是,是,候選字形分數接近,43045,0.013428,0.066309,
captcha_0641.jpg,71144,自適應色彩分離 + 逐字模板比對,5,是,否,,71144,0.048435,0.036191,
captcha_0642.jpg,51366,自適應色彩分離 + 逐字模板比對,5,是,是,候選字形分數接近,51366,0.018526,0.050667,
captcha_0643.jpg,41321,自適應色彩分離 + 逐字模板比對,5,是,否,,41321,0.056087,0.020174,
captcha_0644.jpg,23731,自適應色彩分離 + 逐字模板比對,5,是,否,,23731,0.041579,0.034649,
captcha_0645.jpg,01406,自適應色彩分離 + 逐字模板比對,5,是,否,,01406,0.022082,0.041890,
captcha_0646.jpg,84637,自適應色彩分離 + 逐字模板比對,5,是,否,,84637,0.029819,0.054165,
captcha_0647.jpg,14861,自適應色彩分離 + 逐字模板比對,5,是,否,,14861,0.036296,0.030047,
captcha_0648.jpg,52663,自適應色彩分離 + 逐字模板比對,5,是,否,,52663,0.030541,0.026095,
captcha_0649.jpg,33776,自適應色彩分離 + 逐字模板比對,5,是,否,,33776,0.022344,0.025953,
captcha_0650.jpg,90182,自適應色彩分離 + 逐字模板比對,5,是,否,,90182,0.028282,0.048428,
captcha_0651.jpg,35754,自適應色彩分離 + 逐字模板比對,5,是,否,,35754,0.041229,0.039336,
captcha_0652.jpg,61605,自適應色彩分離 + 逐字模板比對,5,是,否,,61605,0.023972,0.037341,
captcha_0653.jpg,54573,自適應色彩分離 + 逐字模板比對,5,是,是,候選字形分數接近,54573,0.008153,0.061113,
captcha_0654.jpg,89971,自適應色彩分離 + 逐字模板比對,5,是,否,,89971,0.046215,0.030413,
captcha_0655.jpg,97946,自適應色彩分離 + 逐字模板比對,5,是,是,候選字形分數接近,97946,0.018035,0.047811,
captcha_0656.jpg,41713,自適應色彩分離 + 逐字模板比對,5,是,否,,41713,0.062756,0.018563,
captcha_0657.jpg,18613,自適應色彩分離 + 逐字模板比對,5,是,否,,18613,0.029751,0.034749,
captcha_0658.jpg,84863,自適應色彩分離 + 逐字模板比對,5,是,否,,84863,0.046090,0.040822,
captcha_0659.jpg,71735,自適應色彩分離 + 逐字模板比對,5,是,否,,71735,0.034545,0.044835,
captcha_0660.jpg,94731,自適應色彩分離 + 逐字模板比對,5,是,否,,94731,0.035238,0.046931,
captcha_0661.jpg,45321,自適應色彩分離 + 逐字模板比對,5,是,否,,45321,0.068145,0.018709,
captcha_0662.jpg,61740,自適應色彩分離 + 逐字模板比對,5,是,否,,61740,0.049057,0.021573,
captcha_0663.jpg,77616,自適應色彩分離 + 逐字模板比對,5,是,否,,77616,0.042712,0.017907,
captcha_0664.jpg,84498,自適應色彩分離 + 逐字模板比對,5,是,是,候選字形分數接近,84498,0.017226,0.028271,
captcha_0665.jpg,32385,自適應色彩分離 + 逐字模板比對,5,是,否,,32385,0.051476,0.028662,
captcha_0666.jpg,56306,自適應色彩分離 + 逐字模板比對,5,是,否,,56306,0.040339,0.028984,
captcha_0667.jpg,07543,自適應色彩分離 + 逐字模板比對,5,是,否,,07543,0.050358,0.036487,
captcha_0668.jpg,52670,自適應色彩分離 + 逐字模板比對,5,是,否,,52670,0.036127,0.034321,
captcha_0669.jpg,36403,自適應色彩分離 + 逐字模板比對,5,是,否,,36403,0.045137,0.047866,
captcha_0670.jpg,52859,自適應色彩分離 + 逐字模板比對,5,是,否,,52859,0.045725,0.022487,
captcha_0671.jpg,07069,自適應色彩分離 + 逐字模板比對,5,是,否,,07069,0.027983,0.028813,
captcha_0672.jpg,93178,自適應色彩分離 + 逐字模板比對,5,是,否,,93178,0.035715,0.038282,
captcha_0673.jpg,41698,自適應色彩分離 + 逐字模板比對,5,是,否,,41698,0.022064,0.038322,
captcha_0674.jpg,94095,自適應色彩分離 + 逐字模板比對,5,是,否,,94095,0.033129,0.030241,
captcha_0675.jpg,98474,自適應色彩分離 + 逐字模板比對,5,是,否,,98474,0.027448,0.027694,
captcha_0676.jpg,56355,自適應色彩分離 + 逐字模板比對,5,是,否,,56355,0.044883,0.022854,
captcha_0677.jpg,12765,自適應色彩分離 + 逐字模板比對,5,是,否,,12765,0.043310,0.030041,
captcha_0678.jpg,21368,自適應色彩分離 + 逐字模板比對,5,是,否,,21368,0.023369,0.037475,
captcha_0679.jpg,09127,自適應色彩分離 + 逐字模板比對,5,是,是,灰度與二值版本結果不一致；候選字形分數接近,99127,0.002377,0.042806,
captcha_0680.jpg,05810,自適應色彩分離 + 逐字模板比對,5,是,否,,05810,0.045805,0.041609,
captcha_0681.jpg,58926,自適應色彩分離 + 逐字模板比對,5,是,否,,58926,0.032071,0.032086,
captcha_0682.jpg,32304,自適應色彩分離 + 逐字模板比對,5,是,否,,32304,0.035237,0.034291,
captcha_0683.jpg,76051,自適應色彩分離 + 逐字模板比對,5,是,否,,76051,0.052082,0.033180,
captcha_0684.jpg,26241,自適應色彩分離 + 逐字模板比對,5,是,否,,26241,0.038205,0.048680,
captcha_0685.jpg,21336,自適應色彩分離 + 逐字模板比對,5,是,否,,21336,0.024766,0.025678,
captcha_0686.jpg,72888,自適應色彩分離 + 逐字模板比對,5,是,是,候選字形分數接近,72888,0.014642,0.034483,
captcha_0687.jpg,50101,自適應色彩分離 + 逐字模板比對,5,是,否,,50101,0.027627,0.036774,
captcha_0688.jpg,81266,自適應色彩分離 + 逐字模板比對,5,是,否,,81266,0.024385,0.030322,
captcha_0689.jpg,61830,自適應色彩分離 + 逐字模板比對,5,是,否,,61830,0.043300,0.035986,
captcha_0690.jpg,67622,自適應色彩分離 + 逐字模板比對,5,是,否,,67622,0.046792,0.032189,
captcha_0691.jpg,63721,自適應色彩分離 + 逐字模板比對,5,是,否,,63721,0.050658,0.055067,
captcha_0692.jpg,44810,自適應色彩分離 + 逐字模板比對,5,是,否,,44810,0.029670,0.055818,
captcha_0693.jpg,60847,自適應色彩分離 + 逐字模板比對,5,是,否,,60847,0.028363,0.027665,
captcha_0694.jpg,44768,自適應色彩分離 + 逐字模板比對,5,是,否,,44768,0.030990,0.031458,
captcha_0695.jpg,66382,自適應色彩分離 + 逐字模板比對,5,是,否,,66382,0.021419,0.026885,
captcha_0696.jpg,42533,自適應色彩分離 + 逐字模板比對,5,是,否,,42533,0.047693,0.035793,
captcha_0697.jpg,84264,自適應色彩分離 + 逐字模板比對,5,是,否,,84264,0.033953,0.048760,
captcha_0698.jpg,36793,自適應色彩分離 + 逐字模板比對,5,是,否,,36793,0.044323,0.021852,
captcha_0699.jpg,78562,自適應色彩分離 + 逐字模板比對,5,是,否,,78562,0.028695,0.048492,
captcha_0700.jpg,94549,自適應色彩分離 + 逐字模板比對,5,是,否,,94549,0.031767,0.040738,
captcha_0701.jpg,64284,自適應色彩分離 + 逐字模板比對,5,是,是,候選字形分數接近,64284,0.002398,0.044513,
captcha_0702.jpg,78260,自適應色彩分離 + 逐字模板比對,5,是,否,,78260,0.025991,0.042822,
captcha_0703.jpg,86526,自適應色彩分離 + 逐字模板比對,5,是,否,,86526,0.024597,0.027449,
captcha_0704.jpg,12205,自適應色彩分離 + 逐字模板比對,5,是,否,,12205,0.030398,0.032633,
captcha_0705.jpg,32732,自適應色彩分離 + 逐字模板比對,5,是,否,,32732,0.050327,0.026147,
captcha_0706.jpg,88214,自適應色彩分離 + 逐字模板比對,5,是,否,,88214,0.038716,0.023030,
captcha_0707.jpg,42133,自適應色彩分離 + 逐字模板比對,5,是,否,,42133,0.045116,0.045711,
captcha_0708.jpg,26043,自適應色彩分離 + 逐字模板比對,5,是,是,候選字形分數接近,26043,0.019957,0.044011,
captcha_0709.jpg,09835,自適應色彩分離 + 逐字模板比對,5,是,是,候選字形分數接近,09835,0.013674,0.031768,
captcha_0710.jpg,19243,自適應色彩分離 + 逐字模板比對,5,是,否,,19243,0.040357,0.027393,
captcha_0711.jpg,36483,自適應色彩分離 + 逐字模板比對,5,是,否,,36483,0.026137,0.026081,
captcha_0712.jpg,17828,自適應色彩分離 + 逐字模板比對,5,是,否,,17828,0.029871,0.029542,
captcha_0713.jpg,18553,自適應色彩分離 + 逐字模板比對,5,是,否,,18553,0.039489,0.042269,
captcha_0714.jpg,52536,自適應色彩分離 + 逐字模板比對,5,是,否,,52536,0.022823,0.025895,
captcha_0715.jpg,24024,自適應色彩分離 + 逐字模板比對,5,是,否,,24024,0.045204,0.019925,
captcha_0716.jpg,77607,自適應色彩分離 + 逐字模板比對,5,是,否,,77607,0.049414,0.047139,
captcha_0717.jpg,99763,自適應色彩分離 + 逐字模板比對,5,是,否,,99763,0.041602,0.024911,
captcha_0718.jpg,33568,自適應色彩分離 + 逐字模板比對,5,是,否,,33568,0.021324,0.030744,
captcha_0719.jpg,99608,自適應色彩分離 + 逐字模板比對,5,是,否,,99608,0.042959,0.023568,
captcha_0720.jpg,02083,自適應色彩分離 + 逐字模板比對,5,是,是,候選字形分數接近,02083,0.018205,0.056009,
captcha_0721.jpg,80472,自適應色彩分離 + 逐字模板比對,5,是,否,,80472,0.037396,0.017788,
captcha_0722.jpg,95157,自適應色彩分離 + 逐字模板比對,5,是,否,,95157,0.059467,0.028687,
captcha_0723.jpg,92151,自適應色彩分離 + 逐字模板比對,5,是,是,候選字形分數接近,92151,0.005505,0.063922,
captcha_0724.jpg,20923,自適應色彩分離 + 逐字模板比對,5,是,否,,20923,0.030793,0.029240,
captcha_0725.jpg,92653,自適應色彩分離 + 逐字模板比對,5,是,否,,92653,0.046536,0.023591,
captcha_0726.jpg,65393,自適應色彩分離 + 逐字模板比對,5,是,否,,65393,0.040978,0.039328,
captcha_0727.jpg,16916,自適應色彩分離 + 逐字模板比對,5,是,否,,16916,0.022842,0.049690,
captcha_0728.jpg,64650,自適應色彩分離 + 逐字模板比對,5,是,否,,64650,0.049694,0.042345,
captcha_0729.jpg,92279,自適應色彩分離 + 逐字模板比對,5,是,否,,92279,0.048741,0.020198,
captcha_0730.jpg,59277,自適應色彩分離 + 逐字模板比對,5,是,否,,59277,0.047090,0.023730,
captcha_0731.jpg,87295,自適應色彩分離 + 逐字模板比對,5,是,否,,87295,0.028016,0.037306,
captcha_0732.jpg,75296,自適應色彩分離 + 逐字模板比對,5,是,否,,75296,0.043676,0.020432,
captcha_0733.jpg,35452,自適應色彩分離 + 逐字模板比對,5,是,否,,35452,0.057113,0.026185,
captcha_0734.jpg,54445,自適應色彩分離 + 逐字模板比對,5,是,是,候選字形分數接近,54445,0.012726,0.054101,
captcha_0735.jpg,90612,自適應色彩分離 + 逐字模板比對,5,是,否,,90612,0.041254,0.024122,
captcha_0736.jpg,73589,自適應色彩分離 + 逐字模板比對,5,是,是,候選字形分數接近,73589,0.014902,0.041640,
captcha_0737.jpg,44218,自適應色彩分離 + 逐字模板比對,5,是,否,,44218,0.030101,0.035377,
captcha_0738.jpg,47344,自適應色彩分離 + 逐字模板比對,5,是,否,,47344,0.053984,0.035552,
captcha_0739.jpg,50553,自適應色彩分離 + 逐字模板比對,5,是,否,,50553,0.024440,0.043710,
captcha_0740.jpg,67497,自適應色彩分離 + 逐字模板比對,5,是,否,,67497,0.036610,0.020263,
captcha_0741.jpg,01959,自適應色彩分離 + 逐字模板比對,5,是,否,,01959,0.026618,0.050081,
captcha_0742.jpg,35283,自適應色彩分離 + 逐字模板比對,5,是,否,,35283,0.040996,0.021213,
captcha_0743.jpg,69472,自適應色彩分離 + 逐字模板比對,5,是,否,,69472,0.035364,0.017135,
captcha_0744.jpg,86739,自適應色彩分離 + 逐字模板比對,5,是,否,,86739,0.031536,0.031952,
captcha_0745.jpg,95674,自適應色彩分離 + 逐字模板比對,5,是,否,,95674,0.030761,0.052247,
captcha_0746.jpg,30959,自適應色彩分離 + 逐字模板比對,5,是,否,,30959,0.045246,0.029037,
captcha_0747.jpg,90905,自適應色彩分離 + 逐字模板比對,5,是,否,,90905,0.037027,0.034363,
captcha_0748.jpg,99072,自適應色彩分離 + 逐字模板比對,5,是,是,候選字形分數接近,99072,0.012859,0.055186,
captcha_0749.jpg,65182,自適應色彩分離 + 逐字模板比對,5,是,否,,65182,0.022368,0.047664,
captcha_0750.jpg,19591,自適應色彩分離 + 逐字模板比對,5,是,否,,19591,0.068784,0.036633,
captcha_0751.jpg,32077,自適應色彩分離 + 逐字模板比對,5,是,否,,32077,0.040462,0.017035,
captcha_0752.jpg,09353,自適應色彩分離 + 逐字模板比對,5,是,否,,09353,0.046029,0.024654,
captcha_0753.jpg,38247,自適應色彩分離 + 逐字模板比對,5,是,否,,38247,0.042444,0.032611,
captcha_0754.jpg,52110,自適應色彩分離 + 逐字模板比對,5,是,否,,52110,0.052932,0.019485,
captcha_0755.jpg,49175,自適應色彩分離 + 逐字模板比對,5,是,否,,49175,0.034266,0.028908,
captcha_0756.jpg,48240,自適應色彩分離 + 逐字模板比對,5,是,否,,48240,0.037256,0.035766,
captcha_0757.jpg,60309,自適應色彩分離 + 逐字模板比對,5,是,否,,60309,0.030081,0.037751,
captcha_0758.jpg,81484,自適應色彩分離 + 逐字模板比對,5,是,否,,81484,0.022379,0.034920,
captcha_0759.jpg,40971,自適應色彩分離 + 逐字模板比對,5,是,是,候選字形分數接近,40971,0.004244,0.070131,
captcha_0760.jpg,54112,自適應色彩分離 + 逐字模板比對,5,是,否,,54112,0.066512,0.020150,
captcha_0761.jpg,85519,自適應色彩分離 + 逐字模板比對,5,是,否,,85519,0.042713,0.019471,
captcha_0762.jpg,18995,自適應色彩分離 + 逐字模板比對,5,是,否,,18995,0.030661,0.028020,
captcha_0763.jpg,40024,自適應色彩分離 + 逐字模板比對,5,是,否,,40024,0.038361,0.041859,
captcha_0764.jpg,81910,自適應色彩分離 + 逐字模板比對,5,是,否,,81910,0.044322,0.030671,
captcha_0765.jpg,55284,自適應色彩分離 + 逐字模板比對,5,是,否,,55284,0.044037,0.019823,
captcha_0766.jpg,33660,自適應色彩分離 + 逐字模板比對,5,是,否,,33660,0.042671,0.048357,
captcha_0767.jpg,37075,自適應色彩分離 + 逐字模板比對,5,是,否,,37075,0.055020,0.018648,
captcha_0768.jpg,45419,自適應色彩分離 + 逐字模板比對,5,是,否,,45419,0.034662,0.046331,
captcha_0769.jpg,05865,自適應色彩分離 + 逐字模板比對,5,是,否,,05865,0.028398,0.024846,
captcha_0770.jpg,70792,自適應色彩分離 + 逐字模板比對,5,是,否,,70792,0.021868,0.037457,
captcha_0771.jpg,83799,自適應色彩分離 + 逐字模板比對,5,是,否,,83799,0.025458,0.061098,
captcha_0772.jpg,56675,自適應色彩分離 + 逐字模板比對,5,是,否,,56675,0.021022,0.025625,
captcha_0773.jpg,73936,自適應色彩分離 + 逐字模板比對,5,是,是,候選字形分數接近,73936,0.018777,0.048435,
captcha_0774.jpg,72533,自適應色彩分離 + 逐字模板比對,5,是,否,,72533,0.048266,0.032899,
captcha_0775.jpg,77076,自適應色彩分離 + 逐字模板比對,5,是,否,,77076,0.037745,0.026157,
captcha_0776.jpg,41609,自適應色彩分離 + 逐字模板比對,5,是,否,,41609,0.038195,0.024387,
captcha_0777.jpg,23430,自適應色彩分離 + 逐字模板比對,5,是,否,,23430,0.037742,0.039525,
captcha_0778.jpg,14368,自適應色彩分離 + 逐字模板比對,5,是,否,,14368,0.028674,0.039666,
captcha_0779.jpg,05081,自適應色彩分離 + 逐字模板比對,5,是,否,,05081,0.036987,0.032272,
captcha_0780.jpg,46757,自適應色彩分離 + 逐字模板比對,5,是,否,,46757,0.046808,0.020181,
captcha_0781.jpg,76878,自適應色彩分離 + 逐字模板比對,5,是,否,,76878,0.031842,0.032870,
captcha_0782.jpg,10548,自適應色彩分離 + 逐字模板比對,5,是,是,候選字形分數接近,10548,0.019506,0.030783,
captcha_0783.jpg,37361,自適應色彩分離 + 逐字模板比對,5,是,否,,37361,0.042940,0.036980,
captcha_0784.jpg,62334,自適應色彩分離 + 逐字模板比對,5,是,否,,62334,0.047163,0.050006,
captcha_0785.jpg,62158,自適應色彩分離 + 逐字模板比對,5,是,否,,62158,0.023725,0.041449,
captcha_0786.jpg,43010,自適應色彩分離 + 逐字模板比對,5,是,否,,43010,0.035523,0.026217,
captcha_0787.jpg,33025,自適應色彩分離 + 逐字模板比對,5,是,否,,33025,0.042411,0.024074,
captcha_0788.jpg,43239,自適應色彩分離 + 逐字模板比對,5,是,否,,43239,0.058591,0.023344,
captcha_0789.jpg,68685,自適應色彩分離 + 逐字模板比對,5,是,否,,68685,0.038234,0.019783,
captcha_0790.jpg,39525,自適應色彩分離 + 逐字模板比對,5,是,否,,39525,0.044016,0.024954,
captcha_0791.jpg,01834,自適應色彩分離 + 逐字模板比對,5,是,否,,01834,0.050591,0.041656,
captcha_0792.jpg,32373,自適應色彩分離 + 逐字模板比對,5,是,否,,32373,0.060612,0.019979,
captcha_0793.jpg,68661,自適應色彩分離 + 逐字模板比對,5,是,否,,68661,0.044456,0.022129,
captcha_0794.jpg,62182,自適應色彩分離 + 逐字模板比對,5,是,否,,62182,0.036076,0.059158,
captcha_0795.jpg,87092,自適應色彩分離 + 逐字模板比對,5,是,是,灰度與二值版本結果不一致；候選字形分數接近,37092,0.009696,0.062879,
captcha_0796.jpg,58871,自適應色彩分離 + 逐字模板比對,5,是,否,,58871,0.031380,0.035133,
captcha_0797.jpg,05496,自適應色彩分離 + 逐字模板比對,5,是,否,,05496,0.042468,0.017055,
captcha_0798.jpg,93654,自適應色彩分離 + 逐字模板比對,5,是,否,,93654,0.029937,0.052752,
captcha_0799.jpg,32703,自適應色彩分離 + 逐字模板比對,5,是,否,,32703,0.050258,0.024302,
captcha_0800.jpg,34501,自適應色彩分離 + 逐字模板比對,5,是,否,,34501,0.039378,0.051469,
captcha_0801.jpg,22024,自適應色彩分離 + 逐字模板比對,5,是,否,,22024,0.039065,0.035394,
captcha_0802.jpg,23597,自適應色彩分離 + 逐字模板比對,5,是,否,,23597,0.022252,0.050559,
captcha_0803.jpg,65023,自適應色彩分離 + 逐字模板比對,5,是,否,,65023,0.034721,0.041509,
captcha_0804.jpg,61033,自適應色彩分離 + 逐字模板比對,5,是,否,,61033,0.032670,0.050283,
captcha_0805.jpg,10132,自適應色彩分離 + 逐字模板比對,5,是,否,,10132,0.052977,0.019819,
captcha_0806.jpg,47163,自適應色彩分離 + 逐字模板比對,5,是,否,,47163,0.044146,0.027137,
captcha_0807.jpg,73043,自適應色彩分離 + 逐字模板比對,5,是,否,,73043,0.035223,0.039413,
captcha_0808.jpg,90128,自適應色彩分離 + 逐字模板比對,5,是,是,候選字形分數接近,90128,0.006716,0.071961,
captcha_0809.jpg,95105,自適應色彩分離 + 逐字模板比對,5,是,否,,95105,0.020132,0.055817,
captcha_0810.jpg,81202,自適應色彩分離 + 逐字模板比對,5,是,否,,81202,0.041160,0.041341,
captcha_0811.jpg,30542,自適應色彩分離 + 逐字模板比對,5,是,否,,30542,0.049343,0.042645,
captcha_0812.jpg,28265,自適應色彩分離 + 逐字模板比對,5,是,否,,28265,0.042169,0.035808,
captcha_0813.jpg,22648,自適應色彩分離 + 逐字模板比對,5,是,否,,22648,0.025976,0.029972,
captcha_0814.jpg,95706,自適應色彩分離 + 逐字模板比對,5,是,否,,95706,0.041420,0.020420,
captcha_0815.jpg,41492,自適應色彩分離 + 逐字模板比對,5,是,否,,41492,0.033393,0.030522,
captcha_0816.jpg,80140,自適應色彩分離 + 逐字模板比對,5,是,否,,80140,0.021286,0.028793,
captcha_0817.jpg,18280,自適應色彩分離 + 逐字模板比對,5,是,是,候選字形分數接近,18280,0.011833,0.033718,
captcha_0818.jpg,32101,自適應色彩分離 + 逐字模板比對,5,是,否,,32101,0.040050,0.024793,
captcha_0819.jpg,42002,自適應色彩分離 + 逐字模板比對,5,是,否,,42002,0.040631,0.018820,
captcha_0820.jpg,64958,自適應色彩分離 + 逐字模板比對,5,是,否,,64958,0.040424,0.042652,
captcha_0821.jpg,06163,自適應色彩分離 + 逐字模板比對,5,是,是,候選字形分數接近,06163,0.019442,0.026562,
captcha_0822.jpg,14224,自適應色彩分離 + 逐字模板比對,5,是,是,候選字形分數接近,14224,0.016933,0.039971,
captcha_0823.jpg,52166,自適應色彩分離 + 逐字模板比對,5,是,否,,52166,0.022282,0.032838,
captcha_0824.jpg,23655,自適應色彩分離 + 逐字模板比對,5,是,否,,23655,0.043424,0.032085,
captcha_0825.jpg,77965,自適應色彩分離 + 逐字模板比對,5,是,否,,77965,0.029031,0.036305,
captcha_0826.jpg,11236,自適應色彩分離 + 逐字模板比對,5,是,否,,11236,0.021751,0.022193,
captcha_0827.jpg,32382,自適應色彩分離 + 逐字模板比對,5,是,否,,32382,0.031866,0.035460,
captcha_0828.jpg,64230,自適應色彩分離 + 逐字模板比對,5,是,否,,64230,0.036569,0.024108,
captcha_0829.jpg,76649,自適應色彩分離 + 逐字模板比對,5,是,是,候選字形分數接近,76649,0.016083,0.035870,
captcha_0830.jpg,57189,自適應色彩分離 + 逐字模板比對,5,是,否,,57189,0.032754,0.053464,
captcha_0831.jpg,23616,自適應色彩分離 + 逐字模板比對,5,是,否,,23616,0.028561,0.044864,
captcha_0832.jpg,21326,自適應色彩分離 + 逐字模板比對,5,是,否,,21326,0.050037,0.021296,
captcha_0833.jpg,22231,自適應色彩分離 + 逐字模板比對,5,是,否,,22231,0.049439,0.023607,
captcha_0834.jpg,66622,自適應色彩分離 + 逐字模板比對,5,是,否,,66622,0.050312,0.029187,
captcha_0835.jpg,04360,自適應色彩分離 + 逐字模板比對,5,是,否,,04360,0.039447,0.037170,
captcha_0836.jpg,04994,自適應色彩分離 + 逐字模板比對,5,是,否,,04994,0.033371,0.046266,
captcha_0837.jpg,42601,自適應色彩分離 + 逐字模板比對,5,是,否,,42601,0.025421,0.036494,
captcha_0838.jpg,47824,自適應色彩分離 + 逐字模板比對,5,是,否,,47824,0.031990,0.029815,
captcha_0839.jpg,13445,自適應色彩分離 + 逐字模板比對,5,是,否,,13445,0.054629,0.047078,
captcha_0840.jpg,06839,自適應色彩分離 + 逐字模板比對,5,是,否,,06839,0.034658,0.035736,
captcha_0841.jpg,61458,自適應色彩分離 + 逐字模板比對,5,是,否,,61458,0.029920,0.036056,
captcha_0842.jpg,59709,自適應色彩分離 + 逐字模板比對,5,是,否,,59709,0.034222,0.038664,
captcha_0843.jpg,41447,自適應色彩分離 + 逐字模板比對,5,是,否,,41447,0.061303,0.038939,
captcha_0844.jpg,31156,自適應色彩分離 + 逐字模板比對,5,是,否,,31156,0.044183,0.019575,
captcha_0845.jpg,22734,自適應色彩分離 + 逐字模板比對,5,是,否,,22734,0.046841,0.034992,
captcha_0846.jpg,81504,自適應色彩分離 + 逐字模板比對,5,是,否,,81504,0.038083,0.017682,
captcha_0847.jpg,88648,自適應色彩分離 + 逐字模板比對,5,是,否,,88648,0.024014,0.028597,
captcha_0848.jpg,56412,自適應色彩分離 + 逐字模板比對,5,是,否,,56412,0.035021,0.038730,
captcha_0849.jpg,69853,自適應色彩分離 + 逐字模板比對,5,是,否,,69853,0.047348,0.045729,
captcha_0850.jpg,94534,自適應色彩分離 + 逐字模板比對,5,是,否,,94534,0.049121,0.018478,
captcha_0851.jpg,54940,自適應色彩分離 + 逐字模板比對,5,是,否,,54940,0.036936,0.032805,
captcha_0852.jpg,21971,自適應色彩分離 + 逐字模板比對,5,是,否,,21971,0.052999,0.020267,
captcha_0853.jpg,85261,自適應色彩分離 + 逐字模板比對,5,是,是,候選字形分數接近,85261,0.018515,0.062496,
captcha_0854.jpg,07086,自適應色彩分離 + 逐字模板比對,5,是,是,灰度與二值版本結果不一致；候選字形分數接近,97086,0.000453,0.051493,
captcha_0855.jpg,03490,自適應色彩分離 + 逐字模板比對,5,是,否,,03490,0.030262,0.032030,
captcha_0856.jpg,35235,自適應色彩分離 + 逐字模板比對,5,是,否,,35235,0.045312,0.025415,
captcha_0857.jpg,16650,自適應色彩分離 + 逐字模板比對,5,是,否,,16650,0.044289,0.021205,
captcha_0858.jpg,75658,自適應色彩分離 + 逐字模板比對,5,是,否,,75658,0.031645,0.038762,
captcha_0859.jpg,52570,自適應色彩分離 + 逐字模板比對,5,是,否,,52570,0.049856,0.039823,
captcha_0860.jpg,36030,自適應色彩分離 + 逐字模板比對,5,是,是,候選字形分數接近,36030,0.018751,0.027003,
captcha_0861.jpg,77731,自適應色彩分離 + 逐字模板比對,5,是,否,,77731,0.060338,0.018558,
captcha_0862.jpg,86558,自適應色彩分離 + 逐字模板比對,5,是,是,候選字形分數接近,86558,0.015345,0.028578,
captcha_0863.jpg,85202,自適應色彩分離 + 逐字模板比對,5,是,否,,85202,0.024742,0.055842,
captcha_0864.jpg,70130,自適應色彩分離 + 逐字模板比對,5,是,否,,70130,0.041428,0.046575,
captcha_0865.jpg,64764,自適應色彩分離 + 逐字模板比對,5,是,否,,64764,0.043234,0.032882,
captcha_0866.jpg,81675,自適應色彩分離 + 逐字模板比對,5,是,否,,81675,0.040198,0.024681,
captcha_0867.jpg,41631,自適應色彩分離 + 逐字模板比對,5,是,否,,41631,0.043011,0.027919,
captcha_0868.jpg,59685,自適應色彩分離 + 逐字模板比對,5,是,否,,59685,0.035337,0.040648,
captcha_0869.jpg,16025,自適應色彩分離 + 逐字模板比對,5,是,否,,16025,0.036276,0.017602,
captcha_0870.jpg,74397,自適應色彩分離 + 逐字模板比對,5,是,否,,74397,0.033572,0.046857,
captcha_0871.jpg,90847,自適應色彩分離 + 逐字模板比對,5,是,是,候選字形分數接近,90847,0.016638,0.033420,
captcha_0872.jpg,00522,自適應色彩分離 + 逐字模板比對,5,是,否,,00522,0.037517,0.038231,
captcha_0873.jpg,42144,自適應色彩分離 + 逐字模板比對,5,是,否,,42144,0.082522,0.032068,
captcha_0874.jpg,85629,自適應色彩分離 + 逐字模板比對,5,是,否,,85629,0.043145,0.020450,
captcha_0875.jpg,31092,自適應色彩分離 + 逐字模板比對,5,是,否,,31092,0.043028,0.019457,
captcha_0876.jpg,69973,自適應色彩分離 + 逐字模板比對,5,是,是,候選字形分數接近,69973,0.006224,0.041380,
captcha_0877.jpg,84345,自適應色彩分離 + 逐字模板比對,5,是,否,,84345,0.035340,0.019430,
captcha_0878.jpg,71259,自適應色彩分離 + 逐字模板比對,5,是,是,候選字形分數接近,71259,0.017338,0.036699,
captcha_0879.jpg,88005,自適應色彩分離 + 逐字模板比對,5,是,是,候選字形分數接近,88005,0.018275,0.058152,
captcha_0880.jpg,44442,自適應色彩分離 + 逐字模板比對,5,是,否,,44442,0.073074,0.033123,
captcha_0881.jpg,16480,自適應色彩分離 + 逐字模板比對,5,是,否,,16480,0.028895,0.032867,
captcha_0882.jpg,88465,自適應色彩分離 + 逐字模板比對,5,是,否,,88465,0.028588,0.046669,
captcha_0883.jpg,71200,自適應色彩分離 + 逐字模板比對,5,是,否,,71200,0.051822,0.017832,
captcha_0884.jpg,36429,自適應色彩分離 + 逐字模板比對,5,是,否,,36429,0.035313,0.028996,
captcha_0885.jpg,28769,自適應色彩分離 + 逐字模板比對,5,是,否,,28769,0.028744,0.033530,
captcha_0886.jpg,65674,自適應色彩分離 + 逐字模板比對,5,是,否,,65674,0.030422,0.017696,
captcha_0887.jpg,14564,自適應色彩分離 + 逐字模板比對,5,是,否,,14564,0.042806,0.036699,
captcha_0888.jpg,11186,自適應色彩分離 + 逐字模板比對,5,是,否,,11186,0.021390,0.029544,
captcha_0889.jpg,80527,自適應色彩分離 + 逐字模板比對,5,是,否,,80527,0.045253,0.042723,
captcha_0890.jpg,88067,自適應色彩分離 + 逐字模板比對,5,是,否,,88067,0.035138,0.048412,
captcha_0891.jpg,27034,自適應色彩分離 + 逐字模板比對,5,是,否,,27034,0.042896,0.028629,
captcha_0892.jpg,71665,自適應色彩分離 + 逐字模板比對,5,是,否,,71665,0.026640,0.041055,
captcha_0893.jpg,08783,自適應色彩分離 + 逐字模板比對,5,是,否,,08783,0.030152,0.027845,
captcha_0894.jpg,18265,自適應色彩分離 + 逐字模板比對,5,是,否,,18265,0.047496,0.044808,
captcha_0895.jpg,46030,自適應色彩分離 + 逐字模板比對,5,是,否,,46030,0.046042,0.039913,
captcha_0896.jpg,06781,自適應色彩分離 + 逐字模板比對,5,是,是,灰度與二值版本結果不一致；候選字形分數接近,96781,0.000823,0.040083,
captcha_0897.jpg,66778,自適應色彩分離 + 逐字模板比對,5,是,是,候選字形分數接近,66778,0.014947,0.030323,
captcha_0898.jpg,92709,自適應色彩分離 + 逐字模板比對,5,是,否,,92709,0.050549,0.026517,
captcha_0899.jpg,89739,自適應色彩分離 + 逐字模板比對,5,是,否,,89739,0.037263,0.031354,
captcha_0900.jpg,58630,自適應色彩分離 + 逐字模板比對,5,是,否,,58630,0.029788,0.032469,
captcha_0901.jpg,47167,自適應色彩分離 + 逐字模板比對,5,是,是,灰度與二值版本結果不一致；候選字形分數接近,17167,0.000287,0.058026,
captcha_0902.jpg,64626,自適應色彩分離 + 逐字模板比對,5,是,否,,64626,0.026505,0.030013,
captcha_0903.jpg,37851,自適應色彩分離 + 逐字模板比對,5,是,否,,37851,0.024769,0.020694,
captcha_0904.jpg,00218,自適應色彩分離 + 逐字模板比對,5,是,否,,00218,0.029153,0.037630,
captcha_0905.jpg,24435,自適應色彩分離 + 逐字模板比對,5,是,否,,24435,0.041152,0.038547,
captcha_0906.jpg,36772,自適應色彩分離 + 逐字模板比對,5,是,否,,36772,0.042534,0.020607,
captcha_0907.jpg,71495,自適應色彩分離 + 逐字模板比對,5,是,否,,71495,0.050126,0.034523,
captcha_0908.jpg,24621,自適應色彩分離 + 逐字模板比對,5,是,否,,24621,0.065291,0.041322,
captcha_0909.jpg,61460,自適應色彩分離 + 逐字模板比對,5,是,否,,61460,0.029051,0.036610,
captcha_0910.jpg,31020,自適應色彩分離 + 逐字模板比對,5,是,否,,31020,0.047034,0.040039,
captcha_0911.jpg,59005,自適應色彩分離 + 逐字模板比對,5,是,否,,59005,0.039822,0.047025,
captcha_0912.jpg,95750,自適應色彩分離 + 逐字模板比對,5,是,是,候選字形分數接近,95750,0.013344,0.072770,
captcha_0913.jpg,78193,自適應色彩分離 + 逐字模板比對,5,是,否,,78193,0.043437,0.039273,
captcha_0914.jpg,34714,自適應色彩分離 + 逐字模板比對,5,是,是,候選字形分數接近,34714,0.007384,0.069078,
captcha_0915.jpg,31770,自適應色彩分離 + 逐字模板比對,5,是,否,,31770,0.055284,0.020861,
captcha_0916.jpg,05034,自適應色彩分離 + 逐字模板比對,5,是,否,,05034,0.040569,0.028668,
captcha_0917.jpg,56020,自適應色彩分離 + 逐字模板比對,5,是,否,,56020,0.037297,0.048471,
captcha_0918.jpg,66491,自適應色彩分離 + 逐字模板比對,5,是,否,,66491,0.037021,0.018836,
captcha_0919.jpg,06599,自適應色彩分離 + 逐字模板比對,5,是,否,,06599,0.037465,0.028078,
captcha_0920.jpg,00198,自適應色彩分離 + 逐字模板比對,5,是,否,,00198,0.023105,0.036563,
captcha_0921.jpg,89712,自適應色彩分離 + 逐字模板比對,5,是,否,,89712,0.038030,0.022193,
captcha_0922.jpg,35146,自適應色彩分離 + 逐字模板比對,5,是,否,,35146,0.042293,0.024763,
captcha_0923.jpg,28608,自適應色彩分離 + 逐字模板比對,5,是,是,候選字形分數接近,28608,0.015320,0.039832,
captcha_0924.jpg,16507,自適應色彩分離 + 逐字模板比對,5,是,否,,16507,0.030600,0.033273,
captcha_0925.jpg,18692,自適應色彩分離 + 逐字模板比對,5,是,否,,18692,0.046573,0.019384,
captcha_0926.jpg,43525,自適應色彩分離 + 逐字模板比對,5,是,否,,43525,0.051372,0.023567,
captcha_0927.jpg,08879,自適應色彩分離 + 逐字模板比對,5,是,否,,08879,0.032281,0.040345,
captcha_0928.jpg,58949,自適應色彩分離 + 逐字模板比對,5,是,否,,58949,0.038629,0.021760,
captcha_0929.jpg,88126,自適應色彩分離 + 逐字模板比對,5,是,否,,88126,0.032235,0.029363,
captcha_0930.jpg,23213,自適應色彩分離 + 逐字模板比對,5,是,否,,23213,0.045793,0.040526,
captcha_0931.jpg,78505,自適應色彩分離 + 逐字模板比對,5,是,否,,78505,0.042949,0.044860,
captcha_0932.jpg,87018,自適應色彩分離 + 逐字模板比對,5,是,否,,87018,0.039633,0.021816,
captcha_0933.jpg,40310,自適應色彩分離 + 逐字模板比對,5,是,否,,40310,0.044468,0.035573,
captcha_0934.jpg,05633,自適應色彩分離 + 逐字模板比對,5,是,否,,05633,0.033402,0.046402,
captcha_0935.jpg,83269,自適應色彩分離 + 逐字模板比對,5,是,否,,83269,0.029315,0.053294,
captcha_0936.jpg,69928,自適應色彩分離 + 逐字模板比對,5,是,是,候選字形分數接近,69928,0.016684,0.034942,
captcha_0937.jpg,71021,自適應色彩分離 + 逐字模板比對,5,是,否,,71021,0.053922,0.034546,
captcha_0938.jpg,61625,自適應色彩分離 + 逐字模板比對,5,是,否,,61625,0.043077,0.034704,
captcha_0939.jpg,29966,自適應色彩分離 + 逐字模板比對,5,是,否,,29966,0.023713,0.030797,
captcha_0940.jpg,37834,自適應色彩分離 + 逐字模板比對,5,是,否,,37834,0.021348,0.022782,
captcha_0941.jpg,33299,自適應色彩分離 + 逐字模板比對,5,是,否,,33299,0.028445,0.044684,
captcha_0942.jpg,28512,自適應色彩分離 + 逐字模板比對,5,是,否,,28512,0.042151,0.027545,
captcha_0943.jpg,10738,自適應色彩分離 + 逐字模板比對,5,是,否,,10738,0.041347,0.035497,
captcha_0944.jpg,76178,自適應色彩分離 + 逐字模板比對,5,是,否,,76178,0.034633,0.031355,
captcha_0945.jpg,51872,自適應色彩分離 + 逐字模板比對,5,是,否,,51872,0.026560,0.022243,
captcha_0946.jpg,79983,自適應色彩分離 + 逐字模板比對,5,是,否,,79983,0.038291,0.022663,
captcha_0947.jpg,35067,自適應色彩分離 + 逐字模板比對,5,是,否,,35067,0.034122,0.036724,
captcha_0948.jpg,09236,自適應色彩分離 + 逐字模板比對,5,是,否,,09236,0.024821,0.043917,
captcha_0949.jpg,69213,自適應色彩分離 + 逐字模板比對,5,是,否,,69213,0.037650,0.016478,
captcha_0950.jpg,88168,自適應色彩分離 + 逐字模板比對,5,是,是,候選字形分數接近,88168,0.018370,0.029858,
captcha_0951.jpg,77739,自適應色彩分離 + 逐字模板比對,5,是,否,,77739,0.029509,0.028733,
captcha_0952.jpg,23760,自適應色彩分離 + 逐字模板比對,5,是,否,,23760,0.036306,0.031251,
captcha_0953.jpg,23293,自適應色彩分離 + 逐字模板比對,5,是,否,,23293,0.042364,0.036771,
captcha_0954.jpg,95586,自適應色彩分離 + 逐字模板比對,5,是,否,,95586,0.023304,0.041916,
captcha_0955.jpg,24418,自適應色彩分離 + 逐字模板比對,5,是,否,,24418,0.041906,0.030791,
captcha_0956.jpg,42388,自適應色彩分離 + 逐字模板比對,5,是,否,,42388,0.045664,0.024795,
captcha_0957.jpg,00286,自適應色彩分離 + 逐字模板比對,5,是,否,,00286,0.039109,0.022728,
captcha_0958.jpg,23113,自適應色彩分離 + 逐字模板比對,5,是,否,,23113,0.048535,0.034769,
captcha_0959.jpg,78327,自適應色彩分離 + 逐字模板比對,5,是,否,,78327,0.042428,0.023501,
captcha_0960.jpg,70918,自適應色彩分離 + 逐字模板比對,5,是,否,,70918,0.039777,0.049662,
captcha_0961.jpg,72145,自適應色彩分離 + 逐字模板比對,5,是,否,,72145,0.073905,0.039946,
captcha_0962.jpg,56154,自適應色彩分離 + 逐字模板比對,5,是,否,,56154,0.043174,0.017465,
captcha_0963.jpg,03673,自適應色彩分離 + 逐字模板比對,5,是,否,,03673,0.041707,0.029325,
captcha_0964.jpg,86537,自適應色彩分離 + 逐字模板比對,5,是,是,候選字形分數接近,86537,0.016730,0.055632,
captcha_0965.jpg,26669,自適應色彩分離 + 逐字模板比對,5,是,否,,26669,0.023650,0.031535,
captcha_0966.jpg,30607,自適應色彩分離 + 逐字模板比對,5,是,否,,30607,0.040086,0.031141,
captcha_0967.jpg,24281,自適應色彩分離 + 逐字模板比對,5,是,否,,24281,0.024265,0.045616,
captcha_0968.jpg,69513,自適應色彩分離 + 逐字模板比對,5,是,否,,69513,0.053297,0.037421,
captcha_0969.jpg,51954,自適應色彩分離 + 逐字模板比對,5,是,否,,51954,0.057928,0.028823,
captcha_0970.jpg,53125,自適應色彩分離 + 逐字模板比對,5,是,否,,53125,0.030898,0.039057,
captcha_0971.jpg,90477,自適應色彩分離 + 逐字模板比對,5,是,否,,90477,0.048008,0.018987,
captcha_0972.jpg,29616,自適應色彩分離 + 逐字模板比對,5,是,否,,29616,0.045405,0.019783,
captcha_0973.jpg,80718,自適應色彩分離 + 逐字模板比對,5,是,是,候選字形分數接近,80718,0.015967,0.023749,
captcha_0974.jpg,97046,自適應色彩分離 + 逐字模板比對,5,是,否,,97046,0.050265,0.019090,
captcha_0975.jpg,02789,自適應色彩分離 + 逐字模板比對,5,是,是,候選字形分數接近,02789,0.017524,0.052787,
captcha_0976.jpg,20985,自適應色彩分離 + 逐字模板比對,5,是,否,,20985,0.035198,0.044376,
captcha_0977.jpg,71778,自適應色彩分離 + 逐字模板比對,5,是,否,,71778,0.046825,0.027851,
captcha_0978.jpg,38135,自適應色彩分離 + 逐字模板比對,5,是,否,,38135,0.021304,0.055599,
captcha_0979.jpg,94203,自適應色彩分離 + 逐字模板比對,5,是,否,,94203,0.033168,0.033677,
captcha_0980.jpg,96459,自適應色彩分離 + 逐字模板比對,5,是,否,,96459,0.041512,0.040795,
captcha_0981.jpg,31626,自適應色彩分離 + 逐字模板比對,5,是,否,,31626,0.025642,0.041630,
captcha_0982.jpg,88149,自適應色彩分離 + 逐字模板比對,5,是,否,,88149,0.035557,0.044944,
captcha_0983.jpg,45007,自適應色彩分離 + 逐字模板比對,5,是,否,,45007,0.045152,0.034413,
captcha_0984.jpg,71318,自適應色彩分離 + 逐字模板比對,5,是,否,,71318,0.027159,0.026414,
captcha_0985.jpg,41817,自適應色彩分離 + 逐字模板比對,5,是,否,,41817,0.031895,0.026612,
captcha_0986.jpg,24432,自適應色彩分離 + 逐字模板比對,5,是,否,,24432,0.052935,0.020924,
captcha_0987.jpg,96667,自適應色彩分離 + 逐字模板比對,5,是,否,,96667,0.027675,0.053068,
captcha_0988.jpg,35081,自適應色彩分離 + 逐字模板比對,5,是,否,,35081,0.042868,0.036800,
captcha_0989.jpg,02270,自適應色彩分離 + 逐字模板比對,5,是,否,,02270,0.037946,0.042092,
captcha_0990.jpg,78806,自適應色彩分離 + 逐字模板比對,5,是,否,,78806,0.021270,0.047111,
captcha_0991.jpg,87911,自適應色彩分離 + 逐字模板比對,5,是,否,,87911,0.035613,0.018098,
captcha_0992.jpg,33583,自適應色彩分離 + 逐字模板比對,5,是,否,,33583,0.042171,0.037242,
captcha_0993.jpg,43903,自適應色彩分離 + 逐字模板比對,5,是,否,,43903,0.039358,0.051566,
captcha_0994.jpg,87545,自適應色彩分離 + 逐字模板比對,5,是,否,,87545,0.041027,0.018848,
captcha_0995.jpg,31944,自適應色彩分離 + 逐字模板比對,5,是,否,,31944,0.036252,0.050933,
captcha_0996.jpg,32516,自適應色彩分離 + 逐字模板比對,5,是,否,,32516,0.033492,0.022758,
captcha_0997.jpg,45882,自適應色彩分離 + 逐字模板比對,5,是,否,,45882,0.027994,0.028548,
captcha_0998.jpg,45353,自適應色彩分離 + 逐字模板比對,5,是,否,,45353,0.037875,0.026920,
captcha_0999.jpg,34138,自適應色彩分離 + 逐字模板比對,5,是,否,,34138,0.040836,0.037158,
captcha_1000.jpg,20111,自適應色彩分離 + 逐字模板比對,5,是,否,,20111,0.043199,0.051726,
